Workbook

Sheet TONG QUAN
B2: BẢNG CHẤM CÔNG NHÂN VIÊN
B4: Tháng 06/2026 - Công ty TNHH (theo dữ liặu hệ thống HRM)
B7: NỘI DUNG FILE
B8: 1. DM_NHAN_VIEN | C8: Danh mục nhân viên: mã NV, họ tên, phòng ban, chức vụ, ca làm chính, ngày vào làm (tương ứng bảng users / employee_profiles / departments / positions trong database).
B9: 2. DM_CA_LAM | C9: Danh mục ca làm việc: giờ vào/ra chuẩn, giờ nghỉ giữa ca, hệ số lương ca (tương ứng bảng shifts).
B10: 3. CHI_TIET_CHAM_CONG | C10: Bảng chấm công CHI TIẾT theo từng ngày / từng nhân viên: giờ vào - ra thực tế, số phút đi muộn / về sớm, số giờ công, trạng thái, giờ OT, lý do OT, ghi chú (tương ứng bảng attendance).
B11: 4. BANG_CONG_THANG | C11: Bảng CÔNG tổng hợp theo tháng (dạng bảng chấm công truyền thống): mỗi dòng là 1 nhân viên, mỗi cột là 1 ngày trong tháng, tự đổ mã trạng thái và tổng hợp công bằng công thức từ sheet chi tiết.
B12: 5. DM_TRANG_THAI | C12: Giải thích mã trạng thái dùng trong bảng công (P, L, A, NP, KL, CN).
B14: LưU Ý | C14: Tất cả các cột tổng hợp (số công, số ngày muộn, số ngày vắng, tổng giờ OT...) đều dùng công thức Excel (COUNTIF/SUMIFS/VLOOKUP) tham chiều trực tiếp từ sheet CHI_TIET_CHAM_CONG và DM_NHAN_VIEN, nên khi sửa dụ liệu chi tiết (giờ vào/ra, trạng thái...) các bảng tổng hợp sẽ tự cập nhật.

Sheet DM_NHAN_VIEN
A1: DANH MỤC NHÂN VIÊN
A2: Tương ứng bảng: users + employee_profiles + departments + positions
A3: STT | B3: Mã NV | C3: Họ và tên | D3: Phòng ban | E3: Chức vụ | F3: Ca làm chính | G3: Ngày vào làm
A4: 1 | B4: NV002 | C4: Nguyễn Văn Giám Đốc | D4: Hành chính | E4: Giám đốc | F4: Ca Hành Chính | G4: 2020-01-01
A5: 2 | B5: NV003 | C5: Trần Thị Nhân Sự | D5: Nhân sự | E5: Trưởng phòng | F5: Ca Hành Chính | G5: 2021-03-10
A6: 3 | B6: NV004 | C6: Lê Văn Quản Đốc | D6: Xưởng sản xuất | E6: Quản đốc | F6: Ca Hành Chính | G6: 2020-06-01
A7: 4 | B7: NV005 | C7: Phạm Công Nhân | D7: Xưởng sản xuất | E7: Công nhân | F7: Ca Hành Chính | G7: 2022-02-15
A8: 5 | B8: NV006 | C8: Đỗ Thị Hà | D8: Hành chính | E8: Trưởng phòng | F8: Ca Hành Chính | G8: 2018-03-01
A9: 6 | B9: NV007 | C9: Ngô Văn Tài | D9: Hành chính | E9: Phó phòng | F9: Ca Hành Chính | G9: 2020-05-01
A10: 7 | B10: NV008 | C10: Vũ Thị Nga | D10: Hành chính | E10: Chuyên viên | F10: Ca Hành Chính | G10: 2021-01-10
A11: 8 | B11: NV010 | C11: Đặng Thị Hồng | D11: Nhân sự | E11: Chuyên viên | F11: Ca Hành Chính | G11: 2021-06-01
A12: 9 | B12: NV011 | C12: Chu Văn Minh | D12: Nhân sự | E12: Chuyên viên | F12: Ca Hành Chính | G12: 2021-07-01
A13: 10 | B13: NV014 | C13: Phan Thị Khánh | D13: Kế toán | E13: Trưởng phòng | F13: Ca Hành Chính | G13: 2019-02-01
A14: 11 | B14: NV015 | C14: Trịnh Văn Hùng | D14: Kế toán | E14: Phó phòng | F14: Ca Hành Chính | G14: 2020-04-01
A15: 12 | B15: NV019 | C15: Hoàng Văn Lộc | D15: Kinh doanh | E15: Trưởng phòng | F15: Ca Hành Chính | G15: 2019-09-01
... A18: 15 | B18: NV030 | C18: Tống Văn Thắng | D18: Xưởng sản xuất | E18: Tổ trưởng | F18: Ca Hành Chính | G18: 2019-05-01

Sheet DM_CA_LAM
A1: DANH MỤC CA LÀM VIỆC
A2: Tương ứng bảng: shifts
A3: Ca làm việc | B3: Giờ vào chuẩn | C3: Giờ ra chuẩn | D3: Nghỉ giởa ca (từ) | E3: Nghỉ giởa ca (đến) | F3: Số giờ làm chuẩn | G3: Hệ số lương ca
A4: Ca Hành Chính | B4: 07:30 | C4: 17:30 | D4: 11:00 | E4: 13:00 | F4: =(TIMEVALUE(C4)-TIMEVALUE(B4))*24-(TIMEVALUE(E4)-TIMEVALUE(D4))*24 -> 8 | G4: 1
A5: Ca Đêm 1 | B5: 18:00 | C5: 20:00 | F5: =(TIMEVALUE(C5)-TIMEVALUE(B5))*24 -> 2 | G5: 1.5
A6: Ca Đêm 2 | B6: 18:00 | C6: 22:00 | D6: 20:00 | E6: 20:30 | F6: =(TIMEVALUE(C6)-TIMEVALUE(B6))*24-(TIMEVALUE(E6)-TIMEVALUE(D6))*24 -> 3.5 | G6: 1.5

Sheet DM_TRANG_THAI
A1: DANH MỤC TRẮNG THÁI CHẤM CÔNG
A2: Mã dùng trong sheet BANG_CONG_THANG
A3: Trạng thái (chi tiết) | B3: Mã (bảng công) | C3: Diễn giải | D3: Màu
A4: Đi làm đủ công | B4: P | C4: Nhân viên đi làm đầy đủ, đúng giờ | D4: P
A5: Đi muộn | B5: L | C5: Nhân viên đi làm nhưng vào trễ hơn giờ chuẩn | D5: L
A6: Vắng không lý do | B6: A | C6: Nhân viên nghỉ không phép, không báo trước | D6: A
A7: Nghỉ phép năm | B7: NP | C7: Nghỉ theo chế độ phép năm, vẫn hưởng lương | D7: NP
A8: Nghỉ không lương | B8: KL | C8: Nghỉ không hưởng lương | D8: KL
A9: Ngày nghỉ theo lịch | B9: CN | C9: Ngày nghỉ theo lịch (Chủ Nhật) - không phải ngày công | D9: CN

Sheet CHI_TIET_CHAM_CONG
A1: BẢNG CHẤM CÔNG CHI TIẾT - THÁNG 06/2026
A2: Tương ứng bảng: attendance (user_id, shift_id, work_date, check_in, check_out, status, overtime_hrs, ot_reason)
A3: STT | B3: Mã NV | C3: Họ và tên | D3: Phòng ban | E3: Chức vụ | F3: Ngày | G3: Thứ | H3: Ca làm | I3: Giờ vào chuẩn | J3: Giờ ra chuẩn | K3: Giờ vào thực tế | L3: Giờ ra thực tế | M3: Đi muộn (phút) | N3: Về sớm (phút) | O3: Số giờ công | P3: Trạng thái | Q3: Giờ OT | R3: Lý do OT | S3: Ghi chú | T3: _KEY | U3: _MA_CODE
A4: 1 | B4: NV002 | C4: =VLOOKUP($B4,DM_NHAN_VIEN!$B$4:$F$18,2,FALSE()) -> Nguyễn Văn Giám Đốc | D4: =VLOOKUP($B4,DM_NHAN_VIEN!$B$4:$F$18,3,FALSE()) -> Hành chính | E4: =VLOOKUP($B4,DM_NHAN_VIEN!$B$4:$F$18,4,FALSE()) -> Giám đốc | F4: 46174 | G4: =CHOOSE(WEEKDAY(F4,2),"Thứ Hai","Thứ Ba","Thứ Tư","Thứ Năm","Thứ Sáu","Thứ Bảy","Chủ Nhật") -> Thứ Hai | H4: =VLOOKUP($B4,DM_NHAN_VIEN!$B$4:$F$18,5,FALSE()) -> Ca Hành Chính | I4: =VLOOKUP($H4,DM_CA_LAM!$A$4:$C$6,2,FALSE()) -> 07:30 | J4: =VLOOKUP($H4,DM_CA_LAM!$A$4:$C$6,3,FALSE()) -> 17:30 | K4: 07:20 | L4: 17:38 | M4: =IF($K4="","",MAX(0,ROUND((TIMEVALUE($K4)-TIMEVALUE($I4))*1440,0))) -> 0 | N4: =IF($L4="","",MAX(0,ROUND((TIMEVALUE($J4)-TIMEVALUE($L4))*1440,0))) -> 0 | O4: =IF(OR($K4="",$L4=""),0,ROUND(VLOOKUP($H4,DM_CA_LAM!$A$4:$F$6,6,FALSE())-$M4/60-$N4/60,2)) -> 8 | P4: Đi làm đủ công | Q4: 0 | T4: =$B4&"_"&TEXT($F4,"yyyymmdd") -> NV002_20260601 | U4: =VLOOKUP($P4,DM_TRANG_THAI!$A$4:$B$9,2,FALSE()) -> P
A5: 2 | B5: NV003 | C5: =VLOOKUP($B5,DM_NHAN_VIEN!$B$4:$F$18,2,FALSE()) -> Trần Thị Nhân Sự | D5: =VLOOKUP($B5,DM_NHAN_VIEN!$B$4:$F$18,3,FALSE()) -> Nhân sự | E5: =VLOOKUP($B5,DM_NHAN_VIEN!$B$4:$F$18,4,FALSE()) -> Trưởng phòng | F5: 46174 | G5: =CHOOSE(WEEKDAY(F5,2),"Thứ Hai","Thứ Ba","Thứ Tư","Thứ Năm","Thứ Sáu","Thứ Bảy","Chủ Nhật") -> Thứ Hai | H5: =VLOOKUP($B5,DM_NHAN_VIEN!$B$4:$F$18,5,FALSE()) -> Ca Hành Chính | I5: =VLOOKUP($H5,DM_CA_LAM!$A$4:$C$6,2,FALSE()) -> 07:30 | J5: =VLOOKUP($H5,DM_CA_LAM!$A$4:$C$6,3,FALSE()) -> 17:30 | K5: 07:20 | L5: 17:33 | M5: =IF($K5="","",MAX(0,ROUND((TIMEVALUE($K5)-TIMEVALUE($I5))*1440,0))) -> 0 | N5: =IF($L5="","",MAX(0,ROUND((TIMEVALUE($J5)-TIMEVALUE($L5))*1440,0))) -> 0 | O5: =IF(OR($K5="",$L5=""),0,ROUND(VLOOKUP($H5,DM_CA_LAM!$A$4:$F$6,6,FALSE())-$M5/60-$N5/60,2)) -> 8 | P5: Đi làm đủ công | Q5: 0 | T5: =$B5&"_"&TEXT($F5,"yyyymmdd") -> NV003_20260601 | U5: =VLOOKUP($P5,DM_TRANG_THAI!$A$4:$B$9,2,FALSE()) -> P
A6: 3 | B6: NV004 | C6: =VLOOKUP($B6,DM_NHAN_VIEN!$B$4:$F$18,2,FALSE()) -> Lê Văn Quản Đốc | D6: =VLOOKUP($B6,DM_NHAN_VIEN!$B$4:$F$18,3,FALSE()) -> Xưởng sản xuất | E6: =VLOOKUP($B6,DM_NHAN_VIEN!$B$4:$F$18,4,FALSE()) -> Quản đốc | F6: 46174 | G6: =CHOOSE(WEEKDAY(F6,2),"Thứ Hai","Thứ Ba","Thứ Tư","Thứ Năm","Thứ Sáu","Thứ Bảy","Chủ Nhật") -> Thứ Hai | H6: =VLOOKUP($B6,DM_NHAN_VIEN!$B$4:$F$18,5,FALSE()) -> Ca Hành Chính | I6: =VLOOKUP($H6,DM_CA_LAM!$A$4:$C$6,2,FALSE()) -> 07:30 | J6: =VLOOKUP($H6,DM_CA_LAM!$A$4:$C$6,3,FALSE()) -> 17:30 | K6: 07:26 | L6: 17:40 | M6: =IF($K6="","",MAX(0,ROUND((TIMEVALUE($K6)-TIMEVALUE($I6))*1440,0))) -> 0 | N6: =IF($L6="","",MAX(0,ROUND((TIMEVALUE($J6)-TIMEVALUE($L6))*1440,0))) -> 0 | O6: =IF(OR($K6="",$L6=""),0,ROUND(VLOOKUP($H6,DM_CA_LAM!$A$4:$F$6,6,FALSE())-$M6/60-$N6/60,2)) -> 8 | P6: Đi làm đủ công | Q6: 0 | T6: =$B6&"_"&TEXT($F6,"yyyymmdd") -> NV004_20260601 | U6: =VLOOKUP($P6,DM_TRANG_THAI!$A$4:$B$9,2,FALSE()) -> P
A7: 4 | B7: NV005 | C7: =VLOOKUP($B7,DM_NHAN_VIEN!$B$4:$F$18,2,FALSE()) -> Phạm Công Nhân | D7: =VLOOKUP($B7,DM_NHAN_VIEN!$B$4:$F$18,3,FALSE()) -> Xưởng sản xuất | E7: =VLOOKUP($B7,DM_NHAN_VIEN!$B$4:$F$18,4,FALSE()) -> Công nhân | F7: 46174 | G7: =CHOOSE(WEEKDAY(F7,2),"Thứ Hai","Thứ Ba","Thứ Tư","Thứ Năm","Thứ Sáu","Thứ Bảy","Chủ Nhật") -> Thứ Hai | H7: =VLOOKUP($B7,DM_NHAN_VIEN!$B$4:$F$18,5,FALSE()) -> Ca Hành Chính | I7: =VLOOKUP($H7,DM_CA_LAM!$A$4:$C$6,2,FALSE()) -> 07:30 | J7: =VLOOKUP($H7,DM_CA_LAM!$A$4:$C$6,3,FALSE()) -> 17:30 | K7: 07:29 | L7: 17:30 | M7: =IF($K7="","",MAX(0,ROUND((TIMEVALUE($K7)-TIMEVALUE($I7))*1440,0))) -> 0 | N7: =IF($L7="","",MAX(0,ROUND((TIMEVALUE($J7)-TIMEVALUE($L7))*1440,0))) -> 0 | O7: =IF(OR($K7="",$L7=""),0,ROUND(VLOOKUP($H7,DM_CA_LAM!$A$4:$F$6,6,FALSE())-$M7/60-$N7/60,2)) -> 8 | P7: Đi làm đủ công | Q7: 0 | T7: =$B7&"_"&TEXT($F7,"yyyymmdd") -> NV005_20260601 | U7: =VLOOKUP($P7,DM_TRANG_THAI!$A$4:$B$9,2,FALSE()) -> P
A8: 5 | B8: NV006 | C8: =VLOOKUP($B8,DM_NHAN_VIEN!$B$4:$F$18,2,FALSE()) -> Đỗ Thị Hà | D8: =VLOOKUP($B8,DM_NHAN_VIEN!$B$4:$F$18,3,FALSE()) -> Hành chính | E8: =VLOOKUP($B8,DM_NHAN_VIEN!$B$4:$F$18,4,FALSE()) -> Trưởng phòng | F8: 46174 | G8: =CHOOSE(WEEKDAY(F8,2),"Thứ Hai","Thứ Ba","Thứ Tư","Thứ Năm","Thứ Sáu","Thứ Bảy","Chủ Nhật") -> Thứ Hai | H8: =VLOOKUP($B8,DM_NHAN_VIEN!$B$4:$F$18,5,FALSE()) -> Ca Hành Chính | I8: =VLOOKUP($H8,DM_CA_LAM!$A$4:$C$6,2,FALSE()) -> 07:30 | J8: =VLOOKUP($H8,DM_CA_LAM!$A$4:$C$6,3,FALSE()) -> 17:30 | K8: 07:28 | L8: 17:36 | M8: =IF($K8="","",MAX(0,ROUND((TIMEVALUE($K8)-TIMEVALUE($I8))*1440,0))) -> 0 | N8: =IF($L8="","",MAX(0,ROUND((TIMEVALUE($J8)-TIMEVALUE($L8))*1440,0))) -> 0 | O8: =IF(OR($K8="",$L8=""),0,ROUND(VLOOKUP($H8,DM_CA_LAM!$A$4:$F$6,6,FALSE())-$M8/60-$N8/60,2)) -> 8 | P8: Đi làm đủ công | Q8: 0 | T8: =$B8&"_"&TEXT($F8,"yyyymmdd") -> NV006_20260601 | U8: =VLOOKUP($P8,DM_TRANG_THAI!$A$4:$B$9,2,FALSE()) -> P
A9: 6 | B9: NV007 | C9: =VLOOKUP($B9,DM_NHAN_VIEN!$B$4:$F$18,2,FALSE()) -> Ngô Văn Tài | D9: =VLOOKUP($B9,DM_NHAN_VIEN!$B$4:$F$18,3,FALSE()) -> Hành chính | E9: =VLOOKUP($B9,DM_NHAN_VIEN!$B$4:$F$18,4,FALSE()) -> Phó phòng | F9: 46174 | G9: =CHOOSE(WEEKDAY(F9,2),"Thứ Hai","Thứ Ba","Thứ Tư","Thứ Năm","Thứ Sáu","Thứ Bảy","Chủ Nhật") -> Thứ Hai | H9: =VLOOKUP($B9,DM_NHAN_VIEN!$B$4:$F$18,5,FALSE()) -> Ca Hành Chính | I9: =VLOOKUP($H9,DM_CA_LAM!$A$4:$C$6,2,FALSE()) -> 07:30 | J9: =VLOOKUP($H9,DM_CA_LAM!$A$4:$C$6,3,FALSE()) -> 17:30 | K9: 07:22 | L9: 17:36 | M9: =IF($K9="","",MAX(0,ROUND((TIMEVALUE($K9)-TIMEVALUE($I9))*1440,0))) -> 0 | N9: =IF($L9="","",MAX(0,ROUND((TIMEVALUE($J9)-TIMEVALUE($L9))*1440,0))) -> 0 | O9: =IF(OR($K9="",$L9=""),0,ROUND(VLOOKUP($H9,DM_CA_LAM!$A$4:$F$6,6,FALSE())-$M9/60-$N9/60,2)) -> 8 | P9: Đi làm đủ công | Q9: 2.5 | R9: Hỗ trợ kiểm kê cuối tháng | T9: =$B9&"_"&TEXT($F9,"yyyymmdd") -> NV007_20260601 | U9: =VLOOKUP($P9,DM_TRANG_THAI!$A$4:$B$9,2,FALSE()) -> P
A10: 7 | B10: NV008 | C10: =VLOOKUP($B10,DM_NHAN_VIEN!$B$4:$F$18,2,FALSE()) -> Vũ Thị Nga | D10: =VLOOKUP($B10,DM_NHAN_VIEN!$B$4:$F$18,3,FALSE()) -> Hành chính | E10: =VLOOKUP($B10,DM_NHAN_VIEN!$B$4:$F$18,4,FALSE()) -> Chuyên viên | F10: 46174 | G10: =CHOOSE(WEEKDAY(F10,2),"Thứ Hai","Thứ Ba","Thứ Tư","Thứ Năm","Thứ Sáu","Thứ Bảy","Chủ Nhật") -> Thứ Hai | H10: =VLOOKUP($B10,DM_NHAN_VIEN!$B$4:$F$18,5,FALSE()) -> Ca Hành Chính | I10: =VLOOKUP($H10,DM_CA_LAM!$A$4:$C$6,2,FALSE()) -> 07:30 | J10: =VLOOKUP($H10,DM_CA_LAM!$A$4:$C$6,3,FALSE()) -> 17:30 | M10: =IF($K10="","",MAX(0,ROUND((TIMEVALUE($K10)-TIMEVALUE($I10))*1440,0))) | N10: =IF($L10="","",MAX(0,ROUND((TIMEVALUE($J10)-TIMEVALUE($L10))*1440,0))) | O10: =IF(OR($K10="",$L10=""),0,ROUND(VLOOKUP($H10,DM_CA_LAM!$A$4:$F$6,6,FALSE())-$M10/60-$N10/60,2)) -> 0 | P10: Nghỉ phép năm | Q10: 0 | T10: =$B10&"_"&TEXT($F10,"yyyymmdd") -> NV008_20260601 | U10: =VLOOKUP($P10,DM_TRANG_THAI!$A$4:$B$9,2,FALSE()) -> NP
A11: 8 | B11: NV010 | C11: =VLOOKUP($B11,DM_NHAN_VIEN!$B$4:$F$18,2,FALSE()) -> Đặng Thị Hồng | D11: =VLOOKUP($B11,DM_NHAN_VIEN!$B$4:$F$18,3,FALSE()) -> Nhân sự | E11: =VLOOKUP($B11,DM_NHAN_VIEN!$B$4:$F$18,4,FALSE()) -> Chuyên viên | F11: 46174 | G11: =CHOOSE(WEEKDAY(F11,2),"Thứ Hai","Thứ Ba","Thứ Tư","Thứ Năm","Thứ Sáu","Thứ Bảy","Chủ Nhật") -> Thứ Hai | H11: =VLOOKUP($B11,DM_NHAN_VIEN!$B$4:$F$18,5,FALSE()) -> Ca Hành Chính | I11: =VLOOKUP($H11,DM_CA_LAM!$A$4:$C$6,2,FALSE()) -> 07:30 | J11: =VLOOKUP($H11,DM_CA_LAM!$A$4:$C$6,3,FALSE()) -> 17:30 | K11: 08:05 | L11: 17:34 | M11: =IF($K11="","",MAX(0,ROUND((TIMEVALUE($K11)-TIMEVALUE($I11))*1440,0))) -> 35 | N11: =IF($L11="","",MAX(0,ROUND((TIMEVALUE($J11)-TIMEVALUE($L11))*1440,0))) -> 0 | O11: =IF(OR($K11="",$L11=""),0,ROUND(VLOOKUP($H11,DM_CA_LAM!$A$4:$F$6,6,FALSE())-$M11/60-$N11/60,2)) -> 7.42 | P11: Đi muộn | Q11: 0 | S11: Kẹt xe | T11: =$B11&"_"&TEXT($F11,"yyyymmdd") -> NV010_20260601 | U11: =VLOOKUP($P11,DM_TRANG_THAI!$A$4:$B$9,2,FALSE()) -> L
A12: 9 | B12: NV011 | C12: =VLOOKUP($B12,DM_NHAN_VIEN!$B$4:$F$18,2,FALSE()) -> Chu Văn Minh | D12: =VLOOKUP($B12,DM_NHAN_VIEN!$B$4:$F$18,3,FALSE()) -> Nhân sự | E12: =VLOOKUP($B12,DM_NHAN_VIEN!$B$4:$F$18,4,FALSE()) -> Chuyên viên | F12: 46174 | G12: =CHOOSE(WEEKDAY(F12,2),"Thứ Hai","Thứ Ba","Thứ Tư","Thứ Năm","Thứ Sáu","Thứ Bảy","Chủ Nhật") -> Thứ Hai | H12: =VLOOKUP($B12,DM_NHAN_VIEN!$B$4:$F$18,5,FALSE()) -> Ca Hành Chính | I12: =VLOOKUP($H12,DM_CA_LAM!$A$4:$C$6,2,FALSE()) -> 07:30 | J12: =VLOOKUP($H12,DM_CA_LAM!$A$4:$C$6,3,FALSE()) -> 17:30 | K12: 07:28 | L12: 17:30 | M12: =IF($K12="","",MAX(0,ROUND((TIMEVALUE($K12)-TIMEVALUE($I12))*1440,0))) -> 0 | N12: =IF($L12="","",MAX(0,ROUND((TIMEVALUE($J12)-TIMEVALUE($L12))*1440,0))) -> 0 | O12: =IF(OR($K12="",$L12=""),0,ROUND(VLOOKUP($H12,DM_CA_LAM!$A$4:$F$6,6,FALSE())-$M12/60-$N12/60,2)) -> 8 | P12: Đi làm đủ công | Q12: 0 | T12: =$B12&"_"&TEXT($F12,"yyyymmdd") -> NV011_20260601 | U12: =VLOOKUP($P12,DM_TRANG_THAI!$A$4:$B$9,2,FALSE()) -> P
A13: 10 | B13: NV014 | C13: =VLOOKUP($B13,DM_NHAN_VIEN!$B$4:$F$18,2,FALSE()) -> Phan Thị Khánh | D13: =VLOOKUP($B13,DM_NHAN_VIEN!$B$4:$F$18,3,FALSE()) -> Kế toán | E13: =VLOOKUP($B13,DM_NHAN_VIEN!$B$4:$F$18,4,FALSE()) -> Trưởng phòng | F13: 46174 | G13: =CHOOSE(WEEKDAY(F13,2),"Thứ Hai","Thứ Ba","Thứ Tư","Thứ Năm","Thứ Sáu","Thứ Bảy","Chủ Nhật") -> Thứ Hai | H13: =VLOOKUP($B13,DM_NHAN_VIEN!$B$4:$F$18,5,FALSE()) -> Ca Hành Chính | I13: =VLOOKUP($H13,DM_CA_LAM!$A$4:$C$6,2,FALSE()) -> 07:30 | J13: =VLOOKUP($H13,DM_CA_LAM!$A$4:$C$6,3,FALSE()) -> 17:30 | K13: 08:02 | L13: 17:40 | M13: =IF($K13="","",MAX(0,ROUND((TIMEVALUE($K13)-TIMEVALUE($I13))*1440,0))) -> 32 | N13: =IF($L13="","",MAX(0,ROUND((TIMEVALUE($J13)-TIMEVALUE($L13))*1440,0))) -> 0 | O13: =IF(OR($K13="",$L13=""),0,ROUND(VLOOKUP($H13,DM_CA_LAM!$A$4:$F$6,6,FALSE())-$M13/60-$N13/60,2)) -> 7.47 | P13: Đi muộn | Q13: 0 | T13: =$B13&"_"&TEXT($F13,"yyyymmdd") -> NV014_20260601 | U13: =VLOOKUP($P13,DM_TRANG_THAI!$A$4:$B$9,2,FALSE()) -> L
A14: 11 | B14: NV015 | C14: =VLOOKUP($B14,DM_NHAN_VIEN!$B$4:$F$18,2,FALSE()) -> Trịnh Văn Hùng | D14: =VLOOKUP($B14,DM_NHAN_VIEN!$B$4:$F$18,3,FALSE()) -> Kế toán | E14: =VLOOKUP($B14,DM_NHAN_VIEN!$B$4:$F$18,4,FALSE()) -> Phó phòng | F14: 46174 | G14: =CHOOSE(WEEKDAY(F14,2),"Thứ Hai","Thứ Ba","Thứ Tư","Thứ Năm","Thứ Sáu","Thứ Bảy","Chủ Nhật") -> Thứ Hai | H14: =VLOOKUP($B14,DM_NHAN_VIEN!$B$4:$F$18,5,FALSE()) -> Ca Hành Chính | I14: =VLOOKUP($H14,DM_CA_LAM!$A$4:$C$6,2,FALSE()) -> 07:30 | J14: =VLOOKUP($H14,DM_CA_LAM!$A$4:$C$6,3,FALSE()) -> 17:30 | K14: 07:23 | L14: 17:42 | M14: =IF($K14="","",MAX(0,ROUND((TIMEVALUE($K14)-TIMEVALUE($I14))*1440,0))) -> 0 | N14: =IF($L14="","",MAX(0,ROUND((TIMEVALUE($J14)-TIMEVALUE($L14))*1440,0))) -> 0 | O14: =IF(OR($K14="",$L14=""),0,ROUND(VLOOKUP($H14,DM_CA_LAM!$A$4:$F$6,6,FALSE())-$M14/60-$N14/60,2)) -> 8 | P14: Đi làm đủ công | Q14: 0 | T14: =$B14&"_"&TEXT($F14,"yyyymmdd") -> NV015_20260601 | U14: =VLOOKUP($P14,DM_TRANG_THAI!$A$4:$B$9,2,FALSE()) -> P
A15: 12 | B15: NV019 | C15: =VLOOKUP($B15,DM_NHAN_VIEN!$B$4:$F$18,2,FALSE()) -> Hoàng Văn Lộc | D15: =VLOOKUP($B15,DM_NHAN_VIEN!$B$4:$F$18,3,FALSE()) -> Kinh doanh | E15: =VLOOKUP($B15,DM_NHAN_VIEN!$B$4:$F$18,4,FALSE()) -> Trưởng phòng | F15: 46174 | G15: =CHOOSE(WEEKDAY(F15,2),"Thứ Hai","Thứ Ba","Thứ Tư","Thứ Năm","Thứ Sáu","Thứ Bảy","Chủ Nhật") -> Thứ Hai | H15: =VLOOKUP($B15,DM_NHAN_VIEN!$B$4:$F$18,5,FALSE()) -> Ca Hành Chính | I15: =VLOOKUP($H15,DM_CA_LAM!$A$4:$C$6,2,FALSE()) -> 07:30 | J15: =VLOOKUP($H15,DM_CA_LAM!$A$4:$C$6,3,FALSE()) -> 17:30 | K15: 07:25 | L15: 17:30 | M15: =IF($K15="","",MAX(0,ROUND((TIMEVALUE($K15)-TIMEVALUE($I15))*1440,0))) -> 0 | N15: =IF($L15="","",MAX(0,ROUND((TIMEVALUE($J15)-TIMEVALUE($L15))*1440,0))) -> 0 | O15: =IF(OR($K15="",$L15=""),0,ROUND(VLOOKUP($H15,DM_CA_LAM!$A$4:$F$6,6,FALSE())-$M15/60-$N15/60,2)) -> 8 | P15: Đi làm đủ công | Q15: 0 | T15: =$B15&"_"&TEXT($F15,"yyyymmdd") -> NV019_20260601 | U15: =VLOOKUP($P15,DM_TRANG_THAI!$A$4:$B$9,2,FALSE()) -> P
A16: 13 | B16: NV021 | C16: =VLOOKUP($B16,DM_NHAN_VIEN!$B$4:$F$18,2,FALSE()) -> Nguyễn Văn Phú | D16: =VLOOKUP($B16,DM_NHAN_VIEN!$B$4:$F$18,3,FALSE()) -> Kinh doanh | E16: =VLOOKUP($B16,DM_NHAN_VIEN!$B$4:$F$18,4,FALSE()) -> Nhân viên | F16: 46174 | G16: =CHOOSE(WEEKDAY(F16,2),"Thứ Hai","Thứ Ba","Thứ Tư","Thứ Năm","Thứ Sáu","Thứ Bảy","Chủ Nhật") -> Thứ Hai | H16: =VLOOKUP($B16,DM_NHAN_VIEN!$B$4:$F$18,5,FALSE()) -> Ca Hành Chính | I16: =VLOOKUP($H16,DM_CA_LAM!$A$4:$C$6,2,FALSE()) -> 07:30 | J16: =VLOOKUP($H16,DM_CA_LAM!$A$4:$C$6,3,FALSE()) -> 17:30 | K16: 07:25 | L16: 17:39 | M16: =IF($K16="","",MAX(0,ROUND((TIMEVALUE($K16)-TIMEVALUE($I16))*1440,0))) -> 0 | N16: =IF($L16="","",MAX(0,ROUND((TIMEVALUE($J16)-TIMEVALUE($L16))*1440,0))) -> 0 | O16: =IF(OR($K16="",$L16=""),0,ROUND(VLOOKUP($H16,DM_CA_LAM!$A$4:$F$6,6,FALSE())-$M16/60-$N16/60,2)) -> 8 | P16: Đi làm đủ công | Q16: 0 | T16: =$B16&"_"&TEXT($F16,"yyyymmdd") -> NV021_20260601 | U16: =VLOOKUP($P16,DM_TRANG_THAI!$A$4:$B$9,2,FALSE()) -> P
A17: 14 | B17: NV029 | C17: =VLOOKUP($B17,DM_NHAN_VIEN!$B$4:$F$18,2,FALSE()) -> Lý Văn Dũng | D17: =VLOOKUP($B17,DM_NHAN_VIEN!$B$4:$F$18,3,FALSE()) -> Xưởng sản xuất | E17: =VLOOKUP($B17,DM_NHAN_VIEN!$B$4:$F$18,4,FALSE()) -> Tổ trưởng | F17: 46174 | G17: =CHOOSE(WEEKDAY(F17,2),"Thứ Hai","Thứ Ba","Thứ Tư","Thứ Năm","Thứ Sáu","Thứ Bảy","Chủ Nhật") -> Thứ Hai | H17: =VLOOKUP($B17,DM_NHAN_VIEN!$B$4:$F$18,5,FALSE()) -> Ca Hành Chính | I17: =VLOOKUP($H17,DM_CA_LAM!$A$4:$C$6,2,FALSE()) -> 07:30 | J17: =VLOOKUP($H17,DM_CA_LAM!$A$4:$C$6,3,FALSE()) -> 17:30 | K17: 07:21 | L17: 17:42 | M17: =IF($K17="","",MAX(0,ROUND((TIMEVALUE($K17)-TIMEVALUE($I17))*1440,0))) -> 0 | N17: =IF($L17="","",MAX(0,ROUND((TIMEVALUE($J17)-TIMEVALUE($L17))*1440,0))) -> 0 | O17: =IF(OR($K17="",$L17=""),0,ROUND(VLOOKUP($H17,DM_CA_LAM!$A$4:$F$6,6,FALSE())-$M17/60-$N17/60,2)) -> 8 | P17: Đi làm đủ công | Q17: 0 | T17: =$B17&"_"&TEXT($F17,"yyyymmdd") -> NV029_20260601 | U17: =VLOOKUP($P17,DM_TRANG_THAI!$A$4:$B$9,2,FALSE()) -> P
A18: 15 | B18: NV030 | C18: =VLOOKUP($B18,DM_NHAN_VIEN!$B$4:$F$18,2,FALSE()) -> Tống Văn Thắng | D18: =VLOOKUP($B18,DM_NHAN_VIEN!$B$4:$F$18,3,FALSE()) -> Xưởng sản xuất | E18: =VLOOKUP($B18,DM_NHAN_VIEN!$B$4:$F$18,4,FALSE()) -> Tổ trưởng | F18: 46174 | G18: =CHOOSE(WEEKDAY(F18,2),"Thứ Hai","Thứ Ba","Thứ Tư","Thứ Năm","Thứ Sáu","Thứ Bảy","Chủ Nhật") -> Thứ Hai | H18: =VLOOKUP($B18,DM_NHAN_VIEN!$B$4:$F$18,5,FALSE()) -> Ca Hành Chính | I18: =VLOOKUP($H18,DM_CA_LAM!$A$4:$C$6,2,FALSE()) -> 07:30 | J18: =VLOOKUP($H18,DM_CA_LAM!$A$4:$C$6,3,FALSE()) -> 17:30 | K18: 07:24 | L18: 17:42 | M18: =IF($K18="","",MAX(0,ROUND((TIMEVALUE($K18)-TIMEVALUE($I18))*1440,0))) -> 0 | N18: =IF($L18="","",MAX(0,ROUND((TIMEVALUE($J18)-TIMEVALUE($L18))*1440,0))) -> 0 | O18: =IF(OR($K18="",$L18=""),0,ROUND(VLOOKUP($H18,DM_CA_LAM!$A$4:$F$6,6,FALSE())-$M18/60-$N18/60,2)) -> 8 | P18: Đi làm đủ công | Q18: 0 | T18: =$B18&"_"&TEXT($F18,"yyyymmdd") -> NV030_20260601 | U18: =VLOOKUP($P18,DM_TRANG_THAI!$A$4:$B$9,2,FALSE()) -> P
A19: 16 | B19: NV002 | C19: =VLOOKUP($B19,DM_NHAN_VIEN!$B$4:$F$18,2,FALSE()) -> Nguyễn Văn Giám Đốc | D19: =VLOOKUP($B19,DM_NHAN_VIEN!$B$4:$F$18,3,FALSE()) -> Hành chính | E19: =VLOOKUP($B19,DM_NHAN_VIEN!$B$4:$F$18,4,FALSE()) -> Giám đốc | F19: 46175 | G19: =CHOOSE(WEEKDAY(F19,2),"Thứ Hai","Thứ Ba","Thứ Tư","Thứ Năm","Thứ Sáu","Thứ Bảy","Chủ Nhật") -> Thứ Ba | H19: =VLOOKUP($B19,DM_NHAN_VIEN!$B$4:$F$18,5,FALSE()) -> Ca Hành Chính | I19: =VLOOKUP($H19,DM_CA_LAM!$A$4:$C$6,2,FALSE()) -> 07:30 | J19: =VLOOKUP($H19,DM_CA_LAM!$A$4:$C$6,3,FALSE()) -> 17:30 | K19: 07:21 | L19: 17:32 | M19: =IF($K19="","",MAX(0,ROUND((TIMEVALUE($K19)-TIMEVALUE($I19))*1440,0))) -> 0 | N19: =IF($L19="","",MAX(0,ROUND((TIMEVALUE($J19)-TIMEVALUE($L19))*1440,0))) -> 0 | O19: =IF(OR($K19="",$L19=""),0,ROUND(VLOOKUP($H19,DM_CA_LAM!$A$4:$F$6,6,FALSE())-$M19/60-$N19/60,2)) -> 8 | P19: Đi làm đủ công | Q19: 0 | T19: =$B19&"_"&TEXT($F19,"yyyymmdd") -> NV002_20260602 | U19: =VLOOKUP($P19,DM_TRANG_THAI!$A$4:$B$9,2,FALSE()) -> P
A20: 17 | B20: NV003 | C20: =VLOOKUP($B20,DM_NHAN_VIEN!$B$4:$F$18,2,FALSE()) -> Trần Thị Nhân Sự | D20: =VLOOKUP($B20,DM_NHAN_VIEN!$B$4:$F$18,3,FALSE()) -> Nhân sự | E20: =VLOOKUP($B20,DM_NHAN_VIEN!$B$4:$F$18,4,FALSE()) -> Trưởng phòng | F20: 46175 | G20: =CHOOSE(WEEKDAY(F20,2),"Thứ Hai","Thứ Ba","Thứ Tư","Thứ Năm","Thứ Sáu","Thứ Bảy","Chủ Nhật") -> Thứ Ba | H20: =VLOOKUP($B20,DM_NHAN_VIEN!$B$4:$F$18,5,FALSE()) -> Ca Hành Chính | I20: =VLOOKUP($H20,DM_CA_LAM!$A$4:$C$6,2,FALSE()) -> 07:30 | J20: =VLOOKUP($H20,DM_CA_LAM!$A$4:$C$6,3,FALSE()) -> 17:30 | K20: 07:30 | L20: 17:43 | M20: =IF($K20="","",MAX(0,ROUND((TIMEVALUE($K20)-TIMEVALUE($I20))*1440,0))) -> 0 | N20: =IF($L20="","",MAX(0,ROUND((TIMEVALUE($J20)-TIMEVALUE($L20))*1440,0))) -> 0 | O20: =IF(OR($K20="",$L20=""),0,ROUND(VLOOKUP($H20,DM_CA_LAM!$A$4:$F$6,6,FALSE())-$M20/60-$N20/60,2)) -> 8 | P20: Đi làm đủ công | Q20: 0 | T20: =$B20&"_"&TEXT($F20,"yyyymmdd") -> NV003_20260602 | U20: =VLOOKUP($P20,DM_TRANG_THAI!$A$4:$B$9,2,FALSE()) -> P
A21: 18 | B21: NV004 | C21: =VLOOKUP($B21,DM_NHAN_VIEN!$B$4:$F$18,2,FALSE()) -> Lê Văn Quản Đốc | D21: =VLOOKUP($B21,DM_NHAN_VIEN!$B$4:$F$18,3,FALSE()) -> Xưởng sản xuất | E21: =VLOOKUP($B21,DM_NHAN_VIEN!$B$4:$F$18,4,FALSE()) -> Quản đốc | F21: 46175 | G21: =CHOOSE(WEEKDAY(F21,2),"Thứ Hai","Thứ Ba","Thứ Tư","Thứ Năm","Thứ Sáu","Thứ Bảy","Chủ Nhật") -> Thứ Ba | H21: =VLOOKUP($B21,DM_NHAN_VIEN!$B$4:$F$18,5,FALSE()) -> Ca Hành Chính | I21: =VLOOKUP($H21,DM_CA_LAM!$A$4:$C$6,2,FALSE()) -> 07:30 | J21: =VLOOKUP($H21,DM_CA_LAM!$A$4:$C$6,3,FALSE()) -> 17:30 | K21: 07:23 | L21: 17:36 | M21: =IF($K21="","",MAX(0,ROUND((TIMEVALUE($K21)-TIMEVALUE($I21))*1440,0))) -> 0 | N21: =IF($L21="","",MAX(0,ROUND((TIMEVALUE($J21)-TIMEVALUE($L21))*1440,0))) -> 0 | O21: =IF(OR($K21="",$L21=""),0,ROUND(VLOOKUP($H21,DM_CA_LAM!$A$4:$F$6,6,FALSE())-$M21/60-$N21/60,2)) -> 8 | P21: Đi làm đủ công | Q21: 0 | T21: =$B21&"_"&TEXT($F21,"yyyymmdd") -> NV004_20260602 | U21: =VLOOKUP($P21,DM_TRANG_THAI!$A$4:$B$9,2,FALSE()) -> P
A22: 19 | B22: NV005 | C22: =VLOOKUP($B22,DM_NHAN_VIEN!$B$4:$F$18,2,FALSE()) -> Phạm Công Nhân | D22: =VLOOKUP($B22,DM_NHAN_VIEN!$B$4:$F$18,3,FALSE()) -> Xưởng sản xuất | E22: =VLOOKUP($B22,DM_NHAN_VIEN!$B$4:$F$18,4,FALSE()) -> Công nhân | F22: 46175 | G22: =CHOOSE(WEEKDAY(F22,2),"Thứ Hai","Thứ Ba","Thứ Tư","Thứ Năm","Thứ Sáu","Thứ Bảy","Chủ Nhật") -> Thứ Ba | H22: =VLOOKUP($B22,DM_NHAN_VIEN!$B$4:$F$18,5,FALSE()) -> Ca Hành Chính | I22: =VLOOKUP($H22,DM_CA_LAM!$A$4:$C$6,2,FALSE()) -> 07:30 | J22: =VLOOKUP($H22,DM_CA_LAM!$A$4:$C$6,3,FALSE()) -> 17:30 | K22: 07:30 | L22: 17:33 | M22: =IF($K22="","",MAX(0,ROUND((TIMEVALUE($K22)-TIMEVALUE($I22))*1440,0))) -> 0 | N22: =IF($L22="","",MAX(0,ROUND((TIMEVALUE($J22)-TIMEVALUE($L22))*1440,0))) -> 0 | O22: =IF(OR($K22="",$L22=""),0,ROUND(VLOOKUP($H22,DM_CA_LAM!$A$4:$F$6,6,FALSE())-$M22/60-$N22/60,2)) -> 8 | P22: Đi làm đủ công | Q22: 0 | T22: =$B22&"_"&TEXT($F22,"yyyymmdd") -> NV005_20260602 | U22: =VLOOKUP($P22,DM_TRANG_THAI!$A$4:$B$9,2,FALSE()) -> P
A23: 20 | B23: NV006 | C23: =VLOOKUP($B23,DM_NHAN_VIEN!$B$4:$F$18,2,FALSE()) -> Đỗ Thị Hà | D23: =VLOOKUP($B23,DM_NHAN_VIEN!$B$4:$F$18,3,FALSE()) -> Hành chính | E23: =VLOOKUP($B23,DM_NHAN_VIEN!$B$4:$F$18,4,FALSE()) -> Trưởng phòng | F23: 46175 | G23: =CHOOSE(WEEKDAY(F23,2),"Thứ Hai","Thứ Ba","Thứ Tư","Thứ Năm","Thứ Sáu","Thứ Bảy","Chủ Nhật") -> Thứ Ba | H23: =VLOOKUP($B23,DM_NHAN_VIEN!$B$4:$F$18,5,FALSE()) -> Ca Hành Chính | I23: =VLOOKUP($H23,DM_CA_LAM!$A$4:$C$6,2,FALSE()) -> 07:30 | J23: =VLOOKUP($H23,DM_CA_LAM!$A$4:$C$6,3,FALSE()) -> 17:30 | K23: 07:30 | L23: 17:40 | M23: =IF($K23="","",MAX(0,ROUND((TIMEVALUE($K23)-TIMEVALUE($I23))*1440,0))) -> 0 | N23: =IF($L23="","",MAX(0,ROUND((TIMEVALUE($J23)-TIMEVALUE($L23))*1440,0))) -> 0 | O23: =IF(OR($K23="",$L23=""),0,ROUND(VLOOKUP($H23,DM_CA_LAM!$A$4:$F$6,6,FALSE())-$M23/60-$N23/60,2)) -> 8 | P23: Đi làm đủ công | Q23: 0 | T23: =$B23&"_"&TEXT($F23,"yyyymmdd") -> NV006_20260602 | U23: =VLOOKUP($P23,DM_TRANG_THAI!$A$4:$B$9,2,FALSE()) -> P
... A28: 25 | B28: NV014 | C28: =VLOOKUP($B28,DM_NHAN_VIEN!$B$4:$F$18,2,FALSE()) -> Phan Thị Khánh | D28: =VLOOKUP($B28,DM_NHAN_VIEN!$B$4:$F$18,3,FALSE()) -> Kế toán | E28: =VLOOKUP($B28,DM_NHAN_VIEN!$B$4:$F$18,4,FALSE()) -> Trưởng phòng | F28: 46175 | G28: =CHOOSE(WEEKDAY(F28,2),"Thứ Hai","Thứ Ba","Thứ Tư","Thứ Năm","Thứ Sáu","Thứ Bảy","Chủ Nhật") -> Thứ Ba | H28: =VLOOKUP($B28,DM_NHAN_VIEN!$B$4:$F$18,5,FALSE()) -> Ca Hành Chính | I28: =VLOOKUP($H28,DM_CA_LAM!$A$4:$C$6,2,FALSE()) -> 07:30 | J28: =VLOOKUP($H28,DM_CA_LAM!$A$4:$C$6,3,FALSE()) -> 17:30 | K28: 07:27 | L28: 17:31 | M28: =IF($K28="","",MAX(0,ROUND((TIMEVALUE($K28)-TIMEVALUE($I28))*1440,0))) -> 0 | N28: =IF($L28="","",MAX(0,ROUND((TIMEVALUE($J28)-TIMEVALUE($L28))*1440,0))) -> 0 | O28: =IF(OR($K28="",$L28=""),0,ROUND(VLOOKUP($H28,DM_CA_LAM!$A$4:$F$6,6,FALSE())-$M28/60-$N28/60,2)) -> 8 | P28: Đi làm đủ công | Q28: 0 | T28: =$B28&"_"&TEXT($F28,"yyyymmdd") -> NV014_20260602 | U28: =VLOOKUP($P28,DM_TRANG_THAI!$A$4:$B$9,2,FALSE()) -> P
A29: 26 | B29: NV015 | C29: =VLOOKUP($B29,DM_NHAN_VIEN!$B$4:$F$18,2,FALSE()) -> Trịnh Văn Hùng | D29: =VLOOKUP($B29,DM_NHAN_VIEN!$B$4:$F$18,3,FALSE()) -> Kế toán | E29: =VLOOKUP($B29,DM_NHAN_VIEN!$B$4:$F$18,4,FALSE()) -> Phó phòng | F29: 46175 | G29: =CHOOSE(WEEKDAY(F29,2),"Thứ Hai","Thứ Ba","Thứ Tư","Thứ Năm","Thứ Sáu","Thứ Bảy","Chủ Nhật") -> Thứ Ba | H29: =VLOOKUP($B29,DM_NHAN_VIEN!$B$4:$F$18,5,FALSE()) -> Ca Hành Chính | I29: =VLOOKUP($H29,DM_CA_LAM!$A$4:$C$6,2,FALSE()) -> 07:30 | J29: =VLOOKUP($H29,DM_CA_LAM!$A$4:$C$6,3,FALSE()) -> 17:30 | K29: 07:46 | L29: 17:31 | M29: =IF($K29="","",MAX(0,ROUND((TIMEVALUE($K29)-TIMEVALUE($I29))*1440,0))) -> 16 | N29: =IF($L29="","",MAX(0,ROUND((TIMEVALUE($J29)-TIMEVALUE($L29))*1440,0))) -> 0 | O29: =IF(OR($K29="",$L29=""),0,ROUND(VLOOKUP($H29,DM_CA_LAM!$A$4:$F$6,6,FALSE())-$M29/60-$N29/60,2)) -> 7.73 | P29: Đi muộn | Q29: 3 | R29: Xử lý đơn hàng gấp | T29: =$B29&"_"&TEXT($F29,"yyyymmdd") -> NV015_20260602 | U29: =VLOOKUP($P29,DM_TRANG_THAI!$A$4:$B$9,2,FALSE()) -> L
A30: 27 | B30: NV019 | C30: =VLOOKUP($B30,DM_NHAN_VIEN!$B$4:$F$18,2,FALSE()) -> Hoàng Văn Lộc | D30: =VLOOKUP($B30,DM_NHAN_VIEN!$B$4:$F$18,3,FALSE()) -> Kinh doanh | E30: =VLOOKUP($B30,DM_NHAN_VIEN!$B$4:$F$18,4,FALSE()) -> Trưởng phòng | F30: 46175 | G30: =CHOOSE(WEEKDAY(F30,2),"Thứ Hai","Thứ Ba","Thứ Tư","Thứ Năm","Thứ Sáu","Thứ Bảy","Chủ Nhật") -> Thứ Ba | H30: =VLOOKUP($B30,DM_NHAN_VIEN!$B$4:$F$18,5,FALSE()) -> Ca Hành Chính | I30: =VLOOKUP($H30,DM_CA_LAM!$A$4:$C$6,2,FALSE()) -> 07:30 | J30: =VLOOKUP($H30,DM_CA_LAM!$A$4:$C$6,3,FALSE()) -> 17:30 | K30: 07:26 | L30: 17:33 | M30: =IF($K30="","",MAX(0,ROUND((TIMEVALUE($K30)-TIMEVALUE($I30))*1440,0))) -> 0 | N30: =IF($L30="","",MAX(0,ROUND((TIMEVALUE($J30)-TIMEVALUE($L30))*1440,0))) -> 0 | O30: =IF(OR($K30="",$L30=""),0,ROUND(VLOOKUP($H30,DM_CA_LAM!$A$4:$F$6,6,FALSE())-$M30/60-$N30/60,2)) -> 8 | P30: Đi làm đủ công | Q30: 0 | T30: =$B30&"_"&TEXT($F30,"yyyymmdd") -> NV019_20260602 | U30: =VLOOKUP($P30,DM_TRANG_THAI!$A$4:$B$9,2,FALSE()) -> P
A31: 28 | B31: NV021 | C31: =VLOOKUP($B31,DM_NHAN_VIEN!$B$4:$F$18,2,FALSE()) -> Nguyễn Văn Phú | D31: =VLOOKUP($B31,DM_NHAN_VIEN!$B$4:$F$18,3,FALSE()) -> Kinh doanh | E31: =VLOOKUP($B31,DM_NHAN_VIEN!$B$4:$F$18,4,FALSE()) -> Nhân viên | F31: 46175 | G31: =CHOOSE(WEEKDAY(F31,2),"Thứ Hai","Thứ Ba","Thứ Tư","Thứ Năm","Thứ Sáu","Thứ Bảy","Chủ Nhật") -> Thứ Ba | H31: =VLOOKUP($B31,DM_NHAN_VIEN!$B$4:$F$18,5,FALSE()) -> Ca Hành Chính | I31: =VLOOKUP($H31,DM_CA_LAM!$A$4:$C$6,2,FALSE()) -> 07:30 | J31: =VLOOKUP($H31,DM_CA_LAM!$A$4:$C$6,3,FALSE()) -> 17:30 | K31: 07:29 | L31: 17:32 | M31: =IF($K31="","",MAX(0,ROUND((TIMEVALUE($K31)-TIMEVALUE($I31))*1440,0))) -> 0 | N31: =IF($L31="","",MAX(0,ROUND((TIMEVALUE($J31)-TIMEVALUE($L31))*1440,0))) -> 0 | O31: =IF(OR($K31="",$L31=""),0,ROUND(VLOOKUP($H31,DM_CA_LAM!$A$4:$F$6,6,FALSE())-$M31/60-$N31/60,2)) -> 8 | P31: Đi làm đủ công | Q31: 0 | T31: =$B31&"_"&TEXT($F31,"yyyymmdd") -> NV021_20260602 | U31: =VLOOKUP($P31,DM_TRANG_THAI!$A$4:$B$9,2,FALSE()) -> P
A32: 29 | B32: NV029 | C32: =VLOOKUP($B32,DM_NHAN_VIEN!$B$4:$F$18,2,FALSE()) -> Lý Văn Dũng | D32: =VLOOKUP($B32,DM_NHAN_VIEN!$B$4:$F$18,3,FALSE()) -> Xưởng sản xuất | E32: =VLOOKUP($B32,DM_NHAN_VIEN!$B$4:$F$18,4,FALSE()) -> Tổ trưởng | F32: 46175 | G32: =CHOOSE(WEEKDAY(F32,2),"Thứ Hai","Thứ Ba","Thứ Tư","Thứ Năm","Thứ Sáu","Thứ Bảy","Chủ Nhật") -> Thứ Ba | H32: =VLOOKUP($B32,DM_NHAN_VIEN!$B$4:$F$18,5,FALSE()) -> Ca Hành Chính | I32: =VLOOKUP($H32,DM_CA_LAM!$A$4:$C$6,2,FALSE()) -> 07:30 | J32: =VLOOKUP($H32,DM_CA_LAM!$A$4:$C$6,3,FALSE()) -> 17:30 | K32: 07:20 | L32: 17:44 | M32: =IF($K32="","",MAX(0,ROUND((TIMEVALUE($K32)-TIMEVALUE($I32))*1440,0))) -> 0 | N32: =IF($L32="","",MAX(0,ROUND((TIMEVALUE($J32)-TIMEVALUE($L32))*1440,0))) -> 0 | O32: =IF(OR($K32="",$L32=""),0,ROUND(VLOOKUP($H32,DM_CA_LAM!$A$4:$F$6,6,FALSE())-$M32/60-$N32/60,2)) -> 8 | P32: Đi làm đủ công | Q32: 0 | T32: =$B32&"_"&TEXT($F32,"yyyymmdd") -> NV029_20260602 | U32: =VLOOKUP($P32,DM_TRANG_THAI!$A$4:$B$9,2,FALSE()) -> P
A33: 30 | B33: NV030 | C33: =VLOOKUP($B33,DM_NHAN_VIEN!$B$4:$F$18,2,FALSE()) -> Tống Văn Thắng | D33: =VLOOKUP($B33,DM_NHAN_VIEN!$B$4:$F$18,3,FALSE()) -> Xưởng sản xuất | E33: =VLOOKUP($B33,DM_NHAN_VIEN!$B$4:$F$18,4,FALSE()) -> Tổ trưởng | F33: 46175 | G33: =CHOOSE(WEEKDAY(F33,2),"Thứ Hai","Thứ Ba","Thứ Tư","Thứ Năm","Thứ Sáu","Thứ Bảy","Chủ Nhật") -> Thứ Ba | H33: =VLOOKUP($B33,DM_NHAN_VIEN!$B$4:$F$18,5,FALSE()) -> Ca Hành Chính | I33: =VLOOKUP($H33,DM_CA_LAM!$A$4:$C$6,2,FALSE()) -> 07:30 | J33: =VLOOKUP($H33,DM_CA_LAM!$A$4:$C$6,3,FALSE()) -> 17:30 | K33: 07:22 | L33: 17:36 | M33: =IF($K33="","",MAX(0,ROUND((TIMEVALUE($K33)-TIMEVALUE($I33))*1440,0))) -> 0 | N33: =IF($L33="","",MAX(0,ROUND((TIMEVALUE($J33)-TIMEVALUE($L33))*1440,0))) -> 0 | O33: =IF(OR($K33="",$L33=""),0,ROUND(VLOOKUP($H33,DM_CA_LAM!$A$4:$F$6,6,FALSE())-$M33/60-$N33/60,2)) -> 8 | P33: Đi làm đủ công | Q33: 0 | T33: =$B33&"_"&TEXT($F33,"yyyymmdd") -> NV030_20260602 | U33: =VLOOKUP($P33,DM_TRANG_THAI!$A$4:$B$9,2,FALSE()) -> P
A34: 31 | B34: NV002 | C34: =VLOOKUP($B34,DM_NHAN_VIEN!$B$4:$F$18,2,FALSE()) -> Nguyễn Văn Giám Đốc | D34: =VLOOKUP($B34,DM_NHAN_VIEN!$B$4:$F$18,3,FALSE()) -> Hành chính | E34: =VLOOKUP($B34,DM_NHAN_VIEN!$B$4:$F$18,4,FALSE()) -> Giám đốc | F34: 46176 | G34: =CHOOSE(WEEKDAY(F34,2),"Thứ Hai","Thứ Ba","Thứ Tư","Thứ Năm","Thứ Sáu","Thứ Bảy","Chủ Nhật") -> Thứ Tư | H34: =VLOOKUP($B34,DM_NHAN_VIEN!$B$4:$F$18,5,FALSE()) -> Ca Hành Chính | I34: =VLOOKUP($H34,DM_CA_LAM!$A$4:$C$6,2,FALSE()) -> 07:30 | J34: =VLOOKUP($H34,DM_CA_LAM!$A$4:$C$6,3,FALSE()) -> 17:30 | K34: 07:21 | L34: 17:36 | M34: =IF($K34="","",MAX(0,ROUND((TIMEVALUE($K34)-TIMEVALUE($I34))*1440,0))) -> 0 | N34: =IF($L34="","",MAX(0,ROUND((TIMEVALUE($J34)-TIMEVALUE($L34))*1440,0))) -> 0 | O34: =IF(OR($K34="",$L34=""),0,ROUND(VLOOKUP($H34,DM_CA_LAM!$A$4:$F$6,6,FALSE())-$M34/60-$N34/60,2)) -> 8 | P34: Đi làm đủ công | Q34: 0 | T34: =$B34&"_"&TEXT($F34,"yyyymmdd") -> NV002_20260603 | U34: =VLOOKUP($P34,DM_TRANG_THAI!$A$4:$B$9,2,FALSE()) -> P
A35: 32 | B35: NV003 | C35: =VLOOKUP($B35,DM_NHAN_VIEN!$B$4:$F$18,2,FALSE()) -> Trần Thị Nhân Sự | D35: =VLOOKUP($B35,DM_NHAN_VIEN!$B$4:$F$18,3,FALSE()) -> Nhân sự | E35: =VLOOKUP($B35,DM_NHAN_VIEN!$B$4:$F$18,4,FALSE()) -> Trưởng phòng | F35: 46176 | G35: =CHOOSE(WEEKDAY(F35,2),"Thứ Hai","Thứ Ba","Thứ Tư","Thứ Năm","Thứ Sáu","Thứ Bảy","Chủ Nhật") -> Thứ Tư | H35: =VLOOKUP($B35,DM_NHAN_VIEN!$B$4:$F$18,5,FALSE()) -> Ca Hành Chính | I35: =VLOOKUP($H35,DM_CA_LAM!$A$4:$C$6,2,FALSE()) -> 07:30 | J35: =VLOOKUP($H35,DM_CA_LAM!$A$4:$C$6,3,FALSE()) -> 17:30 | K35: 07:29 | L35: 17:44 | M35: =IF($K35="","",MAX(0,ROUND((TIMEVALUE($K35)-TIMEVALUE($I35))*1440,0))) -> 0 | N35: =IF($L35="","",MAX(0,ROUND((TIMEVALUE($J35)-TIMEVALUE($L35))*1440,0))) -> 0 | O35: =IF(OR($K35="",$L35=""),0,ROUND(VLOOKUP($H35,DM_CA_LAM!$A$4:$F$6,6,FALSE())-$M35/60-$N35/60,2)) -> 8 | P35: Đi làm đủ công | Q35: 0 | T35: =$B35&"_"&TEXT($F35,"yyyymmdd") -> NV003_20260603 | U35: =VLOOKUP($P35,DM_TRANG_THAI!$A$4:$B$9,2,FALSE()) -> P
A36: 33 | B36: NV004 | C36: =VLOOKUP($B36,DM_NHAN_VIEN!$B$4:$F$18,2,FALSE()) -> Lê Văn Quản Đốc | D36: =VLOOKUP($B36,DM_NHAN_VIEN!$B$4:$F$18,3,FALSE()) -> Xưởng sản xuất | E36: =VLOOKUP($B36,DM_NHAN_VIEN!$B$4:$F$18,4,FALSE()) -> Quản đốc | F36: 46176 | G36: =CHOOSE(WEEKDAY(F36,2),"Thứ Hai","Thứ Ba","Thứ Tư","Thứ Năm","Thứ Sáu","Thứ Bảy","Chủ Nhật") -> Thứ Tư | H36: =VLOOKUP($B36,DM_NHAN_VIEN!$B$4:$F$18,5,FALSE()) -> Ca Hành Chính | I36: =VLOOKUP($H36,DM_CA_LAM!$A$4:$C$6,2,FALSE()) -> 07:30 | J36: =VLOOKUP($H36,DM_CA_LAM!$A$4:$C$6,3,FALSE()) -> 17:30 | K36: 07:22 | L36: 17:38 | M36: =IF($K36="","",MAX(0,ROUND((TIMEVALUE($K36)-TIMEVALUE($I36))*1440,0))) -> 0 | N36: =IF($L36="","",MAX(0,ROUND((TIMEVALUE($J36)-TIMEVALUE($L36))*1440,0))) -> 0 | O36: =IF(OR($K36="",$L36=""),0,ROUND(VLOOKUP($H36,DM_CA_LAM!$A$4:$F$6,6,FALSE())-$M36/60-$N36/60,2)) -> 8 | P36: Đi làm đủ công | Q36: 0 | T36: =$B36&"_"&TEXT($F36,"yyyymmdd") -> NV004_20260603 | U36: =VLOOKUP($P36,DM_TRANG_THAI!$A$4:$B$9,2,FALSE()) -> P
A37: 34 | B37: NV005 | C37: =VLOOKUP($B37,DM_NHAN_VIEN!$B$4:$F$18,2,FALSE()) -> Phạm Công Nhân | D37: =VLOOKUP($B37,DM_NHAN_VIEN!$B$4:$F$18,3,FALSE()) -> Xưởng sản xuất | E37: =VLOOKUP($B37,DM_NHAN_VIEN!$B$4:$F$18,4,FALSE()) -> Công nhân | F37: 46176 | G37: =CHOOSE(WEEKDAY(F37,2),"Thứ Hai","Thứ Ba","Thứ Tư","Thứ Năm","Thứ Sáu","Thứ Bảy","Chủ Nhật") -> Thứ Tư | H37: =VLOOKUP($B37,DM_NHAN_VIEN!$B$4:$F$18,5,FALSE()) -> Ca Hành Chính | I37: =VLOOKUP($H37,DM_CA_LAM!$A$4:$C$6,2,FALSE()) -> 07:30 | J37: =VLOOKUP($H37,DM_CA_LAM!$A$4:$C$6,3,FALSE()) -> 17:30 | K37: 07:21 | L37: 17:33 | M37: =IF($K37="","",MAX(0,ROUND((TIMEVALUE($K37)-TIMEVALUE($I37))*1440,0))) -> 0 | N37: =IF($L37="","",MAX(0,ROUND((TIMEVALUE($J37)-TIMEVALUE($L37))*1440,0))) -> 0 | O37: =IF(OR($K37="",$L37=""),0,ROUND(VLOOKUP($H37,DM_CA_LAM!$A$4:$F$6,6,FALSE())-$M37/60-$N37/60,2)) -> 8 | P37: Đi làm đủ công | Q37: 0 | T37: =$B37&"_"&TEXT($F37,"yyyymmdd") -> NV005_20260603 | U37: =VLOOKUP($P37,DM_TRANG_THAI!$A$4:$B$9,2,FALSE()) -> P
A38: 35 | B38: NV006 | C38: =VLOOKUP($B38,DM_NHAN_VIEN!$B$4:$F$18,2,FALSE()) -> Đỗ Thị Hà | D38: =VLOOKUP($B38,DM_NHAN_VIEN!$B$4:$F$18,3,FALSE()) -> Hành chính | E38: =VLOOKUP($B38,DM_NHAN_VIEN!$B$4:$F$18,4,FALSE()) -> Trưởng phòng | F38: 46176 | G38: =CHOOSE(WEEKDAY(F38,2),"Thứ Hai","Thứ Ba","Thứ Tư","Thứ Năm","Thứ Sáu","Thứ Bảy","Chủ Nhật") -> Thứ Tư | H38: =VLOOKUP($B38,DM_NHAN_VIEN!$B$4:$F$18,5,FALSE()) -> Ca Hành Chính | I38: =VLOOKUP($H38,DM_CA_LAM!$A$4:$C$6,2,FALSE()) -> 07:30 | J38: =VLOOKUP($H38,DM_CA_LAM!$A$4:$C$6,3,FALSE()) -> 17:30 | K38: 07:21 | L38: 17:39 | M38: =IF($K38="","",MAX(0,ROUND((TIMEVALUE($K38)-TIMEVALUE($I38))*1440,0))) -> 0 | N38: =IF($L38="","",MAX(0,ROUND((TIMEVALUE($J38)-TIMEVALUE($L38))*1440,0))) -> 0 | O38: =IF(OR($K38="",$L38=""),0,ROUND(VLOOKUP($H38,DM_CA_LAM!$A$4:$F$6,6,FALSE())-$M38/60-$N38/60,2)) -> 8 | P38: Đi làm đủ công | Q38: 0 | T38: =$B38&"_"&TEXT($F38,"yyyymmdd") -> NV006_20260603 | U38: =VLOOKUP($P38,DM_TRANG_THAI!$A$4:$B$9,2,FALSE()) -> P
A39: 36 | B39: NV007 | C39: =VLOOKUP($B39,DM_NHAN_VIEN!$B$4:$F$18,2,FALSE()) -> Ngô Văn Tài | D39: =VLOOKUP($B39,DM_NHAN_VIEN!$B$4:$F$18,3,FALSE()) -> Hành chính | E39: =VLOOKUP($B39,DM_NHAN_VIEN!$B$4:$F$18,4,FALSE()) -> Phó phòng | F39: 46176 | G39: =CHOOSE(WEEKDAY(F39,2),"Thứ Hai","Thứ Ba","Thứ Tư","Thứ Năm","Thứ Sáu","Thứ Bảy","Chủ Nhật") -> Thứ Tư | H39: =VLOOKUP($B39,DM_NHAN_VIEN!$B$4:$F$18,5,FALSE()) -> Ca Hành Chính | I39: =VLOOKUP($H39,DM_CA_LAM!$A$4:$C$6,2,FALSE()) -> 07:30 | J39: =VLOOKUP($H39,DM_CA_LAM!$A$4:$C$6,3,FALSE()) -> 17:30 | K39: 07:29 | L39: 17:30 | M39: =IF($K39="","",MAX(0,ROUND((TIMEVALUE($K39)-TIMEVALUE($I39))*1440,0))) -> 0 | N39: =IF($L39="","",MAX(0,ROUND((TIMEVALUE($J39)-TIMEVALUE($L39))*1440,0))) -> 0 | O39: =IF(OR($K39="",$L39=""),0,ROUND(VLOOKUP($H39,DM_CA_LAM!$A$4:$F$6,6,FALSE())-$M39/60-$N39/60,2)) -> 8 | P39: Đi làm đủ công | Q39: 0 | T39: =$B39&"_"&TEXT($F39,"yyyymmdd") -> NV007_20260603 | U39: =VLOOKUP($P39,DM_TRANG_THAI!$A$4:$B$9,2,FALSE()) -> P
A40: 37 | B40: NV008 | C40: =VLOOKUP($B40,DM_NHAN_VIEN!$B$4:$F$18,2,FALSE()) -> Vũ Thị Nga | D40: =VLOOKUP($B40,DM_NHAN_VIEN!$B$4:$F$18,3,FALSE()) -> Hành chính | E40: =VLOOKUP($B40,DM_NHAN_VIEN!$B$4:$F$18,4,FALSE()) -> Chuyên viên | F40: 46176 | G40: =CHOOSE(WEEKDAY(F40,2),"Thứ Hai","Thứ Ba","Thứ Tư","Thứ Năm","Thứ Sáu","Thứ Bảy","Chủ Nhật") -> Thứ Tư | H40: =VLOOKUP($B40,DM_NHAN_VIEN!$B$4:$F$18,5,FALSE()) -> Ca Hành Chính | I40: =VLOOKUP($H40,DM_CA_LAM!$A$4:$C$6,2,FALSE()) -> 07:30 | J40: =VLOOKUP($H40,DM_CA_LAM!$A$4:$C$6,3,FALSE()) -> 17:30 | K40: 07:53 | L40: 17:34 | M40: =IF($K40="","",MAX(0,ROUND((TIMEVALUE($K40)-TIMEVALUE($I40))*1440,0))) -> 23 | N40: =IF($L40="","",MAX(0,ROUND((TIMEVALUE($J40)-TIMEVALUE($L40))*1440,0))) -> 0 | O40: =IF(OR($K40="",$L40=""),0,ROUND(VLOOKUP($H40,DM_CA_LAM!$A$4:$F$6,6,FALSE())-$M40/60-$N40/60,2)) -> 7.62 | P40: Đi muộn | Q40: 0 | S40: Họng xe giữa đường | T40: =$B40&"_"&TEXT($F40,"yyyymmdd") -> NV008_20260603 | U40: =VLOOKUP($P40,DM_TRANG_THAI!$A$4:$B$9,2,FALSE()) -> L
A41: 38 | B41: NV010 | C41: =VLOOKUP($B41,DM_NHAN_VIEN!$B$4:$F$18,2,FALSE()) -> Đặng Thị Hồng | D41: =VLOOKUP($B41,DM_NHAN_VIEN!$B$4:$F$18,3,FALSE()) -> Nhân sự | E41: =VLOOKUP($B41,DM_NHAN_VIEN!$B$4:$F$18,4,FALSE()) -> Chuyên viên | F41: 46176 | G41: =CHOOSE(WEEKDAY(F41,2),"Thứ Hai","Thứ Ba","Thứ Tư","Thứ Năm","Thứ Sáu","Thứ Bảy","Chủ Nhật") -> Thứ Tư | H41: =VLOOKUP($B41,DM_NHAN_VIEN!$B$4:$F$18,5,FALSE()) -> Ca Hành Chính | I41: =VLOOKUP($H41,DM_CA_LAM!$A$4:$C$6,2,FALSE()) -> 07:30 | J41: =VLOOKUP($H41,DM_CA_LAM!$A$4:$C$6,3,FALSE()) -> 17:30 | K41: 07:27 | L41: 17:39 | M41: =IF($K41="","",MAX(0,ROUND((TIMEVALUE($K41)-TIMEVALUE($I41))*1440,0))) -> 0 | N41: =IF($L41="","",MAX(0,ROUND((TIMEVALUE($J41)-TIMEVALUE($L41))*1440,0))) -> 0 | O41: =IF(OR($K41="",$L41=""),0,ROUND(VLOOKUP($H41,DM_CA_LAM!$A$4:$F$6,6,FALSE())-$M41/60-$N41/60,2)) -> 8 | P41: Đi làm đủ công | Q41: 0 | T41: =$B41&"_"&TEXT($F41,"yyyymmdd") -> NV010_20260603 | U41: =VLOOKUP($P41,DM_TRANG_THAI!$A$4:$B$9,2,FALSE()) -> P
A42: 39 | B42: NV011 | C42: =VLOOKUP($B42,DM_NHAN_VIEN!$B$4:$F$18,2,FALSE()) -> Chu Văn Minh | D42: =VLOOKUP($B42,DM_NHAN_VIEN!$B$4:$F$18,3,FALSE()) -> Nhân sự | E42: =VLOOKUP($B42,DM_NHAN_VIEN!$B$4:$F$18,4,FALSE()) -> Chuyên viên | F42: 46176 | G42: =CHOOSE(WEEKDAY(F42,2),"Thứ Hai","Thứ Ba","Thứ Tư","Thứ Năm","Thứ Sáu","Thứ Bảy","Chủ Nhật") -> Thứ Tư | H42: =VLOOKUP($B42,DM_NHAN_VIEN!$B$4:$F$18,5,FALSE()) -> Ca Hành Chính | I42: =VLOOKUP($H42,DM_CA_LAM!$A$4:$C$6,2,FALSE()) -> 07:30 | J42: =VLOOKUP($H42,DM_CA_LAM!$A$4:$C$6,3,FALSE()) -> 17:30 | K42: 07:27 | L42: 17:44 | M42: =IF($K42="","",MAX(0,ROUND((TIMEVALUE($K42)-TIMEVALUE($I42))*1440,0))) -> 0 | N42: =IF($L42="","",MAX(0,ROUND((TIMEVALUE($J42)-TIMEVALUE($L42))*1440,0))) -> 0 | O42: =IF(OR($K42="",$L42=""),0,ROUND(VLOOKUP($H42,DM_CA_LAM!$A$4:$F$6,6,FALSE())-$M42/60-$N42/60,2)) -> 8 | P42: Đi làm đủ công | Q42: 0 | T42: =$B42&"_"&TEXT($F42,"yyyymmdd") -> NV011_20260603 | U42: =VLOOKUP($P42,DM_TRANG_THAI!$A$4:$B$9,2,FALSE()) -> P
A43: 40 | B43: NV014 | C43: =VLOOKUP($B43,DM_NHAN_VIEN!$B$4:$F$18,2,FALSE()) -> Phan Thị Khánh | D43: =VLOOKUP($B43,DM_NHAN_VIEN!$B$4:$F$18,3,FALSE()) -> Kế toán | E43: =VLOOKUP($B43,DM_NHAN_VIEN!$B$4:$F$18,4,FALSE()) -> Trưởng phòng | F43: 46176 | G43: =CHOOSE(WEEKDAY(F43,2),"Thứ Hai","Thứ Ba","Thứ Tư","Thứ Năm","Thứ Sáu","Thứ Bảy","Chủ Nhật") -> Thứ Tư | H43: =VLOOKUP($B43,DM_NHAN_VIEN!$B$4:$F$18,5,FALSE()) -> Ca Hành Chính | I43: =VLOOKUP($H43,DM_CA_LAM!$A$4:$C$6,2,FALSE()) -> 07:30 | J43: =VLOOKUP($H43,DM_CA_LAM!$A$4:$C$6,3,FALSE()) -> 17:30 | K43: 07:30 | L43: 17:39 | M43: =IF($K43="","",MAX(0,ROUND((TIMEVALUE($K43)-TIMEVALUE($I43))*1440,0))) -> 0 | N43: =IF($L43="","",MAX(0,ROUND((TIMEVALUE($J43)-TIMEVALUE($L43))*1440,0))) -> 0 | O43: =IF(OR($K43="",$L43=""),0,ROUND(VLOOKUP($H43,DM_CA_LAM!$A$4:$F$6,6,FALSE())-$M43/60-$N43/60,2)) -> 8 | P43: Đi làm đủ công | Q43: 0 | T43: =$B43&"_"&TEXT($F43,"yyyymmdd") -> NV014_20260603 | U43: =VLOOKUP($P43,DM_TRANG_THAI!$A$4:$B$9,2,FALSE()) -> P
A44: 41 | B44: NV015 | C44: =VLOOKUP($B44,DM_NHAN_VIEN!$B$4:$F$18,2,FALSE()) -> Trịnh Văn Hùng | D44: =VLOOKUP($B44,DM_NHAN_VIEN!$B$4:$F$18,3,FALSE()) -> Kế toán | E44: =VLOOKUP($B44,DM_NHAN_VIEN!$B$4:$F$18,4,FALSE()) -> Phó phòng | F44: 46176 | G44: =CHOOSE(WEEKDAY(F44,2),"Thứ Hai","Thứ Ba","Thứ Tư","Thứ Năm","Thứ Sáu","Thứ Bảy","Chủ Nhật") -> Thứ Tư | H44: =VLOOKUP($B44,DM_NHAN_VIEN!$B$4:$F$18,5,FALSE()) -> Ca Hành Chính | I44: =VLOOKUP($H44,DM_CA_LAM!$A$4:$C$6,2,FALSE()) -> 07:30 | J44: =VLOOKUP($H44,DM_CA_LAM!$A$4:$C$6,3,FALSE()) -> 17:30 | K44: 07:30 | L44: 17:38 | M44: =IF($K44="","",MAX(0,ROUND((TIMEVALUE($K44)-TIMEVALUE($I44))*1440,0))) -> 0 | N44: =IF($L44="","",MAX(0,ROUND((TIMEVALUE($J44)-TIMEVALUE($L44))*1440,0))) -> 0 | O44: =IF(OR($K44="",$L44=""),0,ROUND(VLOOKUP($H44,DM_CA_LAM!$A$4:$F$6,6,FALSE())-$M44/60-$N44/60,2)) -> 8 | P44: Đi làm đủ công | Q44: 0 | T44: =$B44&"_"&TEXT($F44,"yyyymmdd") -> NV015_20260603 | U44: =VLOOKUP($P44,DM_TRANG_THAI!$A$4:$B$9,2,FALSE()) -> P
A45: 42 | B45: NV019 | C45: =VLOOKUP($B45,DM_NHAN_VIEN!$B$4:$F$18,2,FALSE()) -> Hoàng Văn Lộc | D45: =VLOOKUP($B45,DM_NHAN_VIEN!$B$4:$F$18,3,FALSE()) -> Kinh doanh | E45: =VLOOKUP($B45,DM_NHAN_VIEN!$B$4:$F$18,4,FALSE()) -> Trưởng phòng | F45: 46176 | G45: =CHOOSE(WEEKDAY(F45,2),"Thứ Hai","Thứ Ba","Thứ Tư","Thứ Năm","Thứ Sáu","Thứ Bảy","Chủ Nhật") -> Thứ Tư | H45: =VLOOKUP($B45,DM_NHAN_VIEN!$B$4:$F$18,5,FALSE()) -> Ca Hành Chính | I45: =VLOOKUP($H45,DM_CA_LAM!$A$4:$C$6,2,FALSE()) -> 07:30 | J45: =VLOOKUP($H45,DM_CA_LAM!$A$4:$C$6,3,FALSE()) -> 17:30 | K45: 07:25 | L45: 17:33 | M45: =IF($K45="","",MAX(0,ROUND((TIMEVALUE($K45)-TIMEVALUE($I45))*1440,0))) -> 0 | N45: =IF($L45="","",MAX(0,ROUND((TIMEVALUE($J45)-TIMEVALUE($L45))*1440,0))) -> 0 | O45: =IF(OR($K45="",$L45=""),0,ROUND(VLOOKUP($H45,DM_CA_LAM!$A$4:$F$6,6,FALSE())-$M45/60-$N45/60,2)) -> 8 | P45: Đi làm đủ công | Q45: 0 | T45: =$B45&"_"&TEXT($F45,"yyyymmdd") -> NV019_20260603 | U45: =VLOOKUP($P45,DM_TRANG_THAI!$A$4:$B$9,2,FALSE()) -> P
A46: 43 | B46: NV021 | C46: =VLOOKUP($B46,DM_NHAN_VIEN!$B$4:$F$18,2,FALSE()) -> Nguyễn Văn Phú | D46: =VLOOKUP($B46,DM_NHAN_VIEN!$B$4:$F$18,3,FALSE()) -> Kinh doanh | E46: =VLOOKUP($B46,DM_NHAN_VIEN!$B$4:$F$18,4,FALSE()) -> Nhân viên | F46: 46176 | G46: =CHOOSE(WEEKDAY(F46,2),"Thứ Hai","Thứ Ba","Thứ Tư","Thứ Năm","Thứ Sáu","Thứ Bảy","Chủ Nhật") -> Thứ Tư | H46: =VLOOKUP($B46,DM_NHAN_VIEN!$B$4:$F$18,5,FALSE()) -> Ca Hành Chính | I46: =VLOOKUP($H46,DM_CA_LAM!$A$4:$C$6,2,FALSE()) -> 07:30 | J46: =VLOOKUP($H46,DM_CA_LAM!$A$4:$C$6,3,FALSE()) -> 17:30 | K46: 07:29 | L46: 17:31 | M46: =IF($K46="","",MAX(0,ROUND((TIMEVALUE($K46)-TIMEVALUE($I46))*1440,0))) -> 0 | N46: =IF($L46="","",MAX(0,ROUND((TIMEVALUE($J46)-TIMEVALUE($L46))*1440,0))) -> 0 | O46: =IF(OR($K46="",$L46=""),0,ROUND(VLOOKUP($H46,DM_CA_LAM!$A$4:$F$6,6,FALSE())-$M46/60-$N46/60,2)) -> 8 | P46: Đi làm đủ công | Q46: 0 | T46: =$B46&"_"&TEXT($F46,"yyyymmdd") -> NV021_20260603 | U46: =VLOOKUP($P46,DM_TRANG_THAI!$A$4:$B$9,2,FALSE()) -> P
A47: 44 | B47: NV029 | C47: =VLOOKUP($B47,DM_NHAN_VIEN!$B$4:$F$18,2,FALSE()) -> Lý Văn Dũng | D47: =VLOOKUP($B47,DM_NHAN_VIEN!$B$4:$F$18,3,FALSE()) -> Xưởng sản xuất | E47: =VLOOKUP($B47,DM_NHAN_VIEN!$B$4:$F$18,4,FALSE()) -> Tổ trưởng | F47: 46176 | G47: =CHOOSE(WEEKDAY(F47,2),"Thứ Hai","Thứ Ba","Thứ Tư","Thứ Năm","Thứ Sáu","Thứ Bảy","Chủ Nhật") -> Thứ Tư | H47: =VLOOKUP($B47,DM_NHAN_VIEN!$B$4:$F$18,5,FALSE()) -> Ca Hành Chính | I47: =VLOOKUP($H47,DM_CA_LAM!$A$4:$C$6,2,FALSE()) -> 07:30 | J47: =VLOOKUP($H47,DM_CA_LAM!$A$4:$C$6,3,FALSE()) -> 17:30 | K47: 07:23 | L47: 17:40 | M47: =IF($K47="","",MAX(0,ROUND((TIMEVALUE($K47)-TIMEVALUE($I47))*1440,0))) -> 0 | N47: =IF($L47="","",MAX(0,ROUND((TIMEVALUE($J47)-TIMEVALUE($L47))*1440,0))) -> 0 | O47: =IF(OR($K47="",$L47=""),0,ROUND(VLOOKUP($H47,DM_CA_LAM!$A$4:$F$6,6,FALSE())-$M47/60-$N47/60,2)) -> 8 | P47: Đi làm đủ công | Q47: 0 | T47: =$B47&"_"&TEXT($F47,"yyyymmdd") -> NV029_20260603 | U47: =VLOOKUP($P47,DM_TRANG_THAI!$A$4:$B$9,2,FALSE()) -> P
A48: 45 | B48: NV030 | C48: =VLOOKUP($B48,DM_NHAN_VIEN!$B$4:$F$18,2,FALSE()) -> Tống Văn Thắng | D48: =VLOOKUP($B48,DM_NHAN_VIEN!$B$4:$F$18,3,FALSE()) -> Xưởng sản xuất | E48: =VLOOKUP($B48,DM_NHAN_VIEN!$B$4:$F$18,4,FALSE()) -> Tổ trưởng | F48: 46176 | G48: =CHOOSE(WEEKDAY(F48,2),"Thứ Hai","Thứ Ba","Thứ Tư","Thứ Năm","Thứ Sáu","Thứ Bảy","Chủ Nhật") -> Thứ Tư | H48: =VLOOKUP($B48,DM_NHAN_VIEN!$B$4:$F$18,5,FALSE()) -> Ca Hành Chính | I48: =VLOOKUP($H48,DM_CA_LAM!$A$4:$C$6,2,FALSE()) -> 07:30 | J48: =VLOOKUP($H48,DM_CA_LAM!$A$4:$C$6,3,FALSE()) -> 17:30 | K48: 07:24 | L48: 17:31 | M48: =IF($K48="","",MAX(0,ROUND((TIMEVALUE($K48)-TIMEVALUE($I48))*1440,0))) -> 0 | N48: =IF($L48="","",MAX(0,ROUND((TIMEVALUE($J48)-TIMEVALUE($L48))*1440,0))) -> 0 | O48: =IF(OR($K48="",$L48=""),0,ROUND(VLOOKUP($H48,DM_CA_LAM!$A$4:$F$6,6,FALSE())-$M48/60-$N48/60,2)) -> 8 | P48: Đi làm đủ công | Q48: 0 | T48: =$B48&"_"&TEXT($F48,"yyyymmdd") -> NV030_20260603 | U48: =VLOOKUP($P48,DM_TRANG_THAI!$A$4:$B$9,2,FALSE()) -> P
A49: 46 | B49: NV002 | C49: =VLOOKUP($B49,DM_NHAN_VIEN!$B$4:$F$18,2,FALSE()) -> Nguyễn Văn Giám Đốc | D49: =VLOOKUP($B49,DM_NHAN_VIEN!$B$4:$F$18,3,FALSE()) -> Hành chính | E49: =VLOOKUP($B49,DM_NHAN_VIEN!$B$4:$F$18,4,FALSE()) -> Giám đốc | F49: 46177 | G49: =CHOOSE(WEEKDAY(F49,2),"Thứ Hai","Thứ Ba","Thứ Tư","Thứ Năm","Thứ Sáu","Thứ Bảy","Chủ Nhật") -> Thứ Năm | H49: =VLOOKUP($B49,DM_NHAN_VIEN!$B$4:$F$18,5,FALSE()) -> Ca Hành Chính | I49: =VLOOKUP($H49,DM_CA_LAM!$A$4:$C$6,2,FALSE()) -> 07:30 | J49: =VLOOKUP($H49,DM_CA_LAM!$A$4:$C$6,3,FALSE()) -> 17:30 | K49: 07:28 | L49: 17:36 | M49: =IF($K49="","",MAX(0,ROUND((TIMEVALUE($K49)-TIMEVALUE($I49))*1440,0))) -> 0 | N49: =IF($L49="","",MAX(0,ROUND((TIMEVALUE($J49)-TIMEVALUE($L49))*1440,0))) -> 0 | O49: =IF(OR($K49="",$L49=""),0,ROUND(VLOOKUP($H49,DM_CA_LAM!$A$4:$F$6,6,FALSE())-$M49/60-$N49/60,2)) -> 8 | P49: Đi làm đủ công | Q49: 0 | T49: =$B49&"_"&TEXT($F49,"yyyymmdd") -> NV002_20260604 | U49: =VLOOKUP($P49,DM_TRANG_THAI!$A$4:$B$9,2,FALSE()) -> P
A50: 47 | B50: NV003 | C50: =VLOOKUP($B50,DM_NHAN_VIEN!$B$4:$F$18,2,FALSE()) -> Trần Thị Nhân Sự | D50: =VLOOKUP($B50,DM_NHAN_VIEN!$B$4:$F$18,3,FALSE()) -> Nhân sự | E50: =VLOOKUP($B50,DM_NHAN_VIEN!$B$4:$F$18,4,FALSE()) -> Trưởng phòng | F50: 46177 | G50: =CHOOSE(WEEKDAY(F50,2),"Thứ Hai","Thứ Ba","Thứ Tư","Thứ Năm","Thứ Sáu","Thứ Bảy","Chủ Nhật") -> Thứ Năm | H50: =VLOOKUP($B50,DM_NHAN_VIEN!$B$4:$F$18,5,FALSE()) -> Ca Hành Chính | I50: =VLOOKUP($H50,DM_CA_LAM!$A$4:$C$6,2,FALSE()) -> 07:30 | J50: =VLOOKUP($H50,DM_CA_LAM!$A$4:$C$6,3,FALSE()) -> 17:30 | M50: =IF($K50="","",MAX(0,ROUND((TIMEVALUE($K50)-TIMEVALUE($I50))*1440,0))) | N50: =IF($L50="","",MAX(0,ROUND((TIMEVALUE($J50)-TIMEVALUE($L50))*1440,0))) | O50: =IF(OR($K50="",$L50=""),0,ROUND(VLOOKUP($H50,DM_CA_LAM!$A$4:$F$6,6,FALSE())-$M50/60-$N50/60,2)) -> 0 | P50: Nghỉ không lương | Q50: 0 | T50: =$B50&"_"&TEXT($F50,"yyyymmdd") -> NV003_20260604 | U50: =VLOOKUP($P50,DM_TRANG_THAI!$A$4:$B$9,2,FALSE()) -> KL
A51: 48 | B51: NV004 | C51: =VLOOKUP($B51,DM_NHAN_VIEN!$B$4:$F$18,2,FALSE()) -> Lê Văn Quản Đốc | D51: =VLOOKUP($B51,DM_NHAN_VIEN!$B$4:$F$18,3,FALSE()) -> Xưởng sản xuất | E51: =VLOOKUP($B51,DM_NHAN_VIEN!$B$4:$F$18,4,FALSE()) -> Quản đốc | F51: 46177 | G51: =CHOOSE(WEEKDAY(F51,2),"Thứ Hai","Thứ Ba","Thứ Tư","Thứ Năm","Thứ Sáu","Thứ Bảy","Chủ Nhật") -> Thứ Năm | H51: =VLOOKUP($B51,DM_NHAN_VIEN!$B$4:$F$18,5,FALSE()) -> Ca Hành Chính | I51: =VLOOKUP($H51,DM_CA_LAM!$A$4:$C$6,2,FALSE()) -> 07:30 | J51: =VLOOKUP($H51,DM_CA_LAM!$A$4:$C$6,3,FALSE()) -> 17:30 | K51: 07:37 | L51: 17:37 | M51: =IF($K51="","",MAX(0,ROUND((TIMEVALUE($K51)-TIMEVALUE($I51))*1440,0))) -> 7 | N51: =IF($L51="","",MAX(0,ROUND((TIMEVALUE($J51)-TIMEVALUE($L51))*1440,0))) -> 0 | O51: =IF(OR($K51="",$L51=""),0,ROUND(VLOOKUP($H51,DM_CA_LAM!$A$4:$F$6,6,FALSE())-$M51/60-$N51/60,2)) -> 7.88 | P51: Đi muộn | Q51: 3 | R51: Xử lý đơn hàng gấp | S51: Kẹt xe | T51: =$B51&"_"&TEXT($F51,"yyyymmdd") -> NV004_20260604 | U51: =VLOOKUP($P51,DM_TRANG_THAI!$A$4:$B$9,2,FALSE()) -> L
A52: 49 | B52: NV005 | C52: =VLOOKUP($B52,DM_NHAN_VIEN!$B$4:$F$18,2,FALSE()) -> Phạm Công Nhân | D52: =VLOOKUP($B52,DM_NHAN_VIEN!$B$4:$F$18,3,FALSE()) -> Xưởng sản xuất | E52: =VLOOKUP($B52,DM_NHAN_VIEN!$B$4:$F$18,4,FALSE()) -> Công nhân | F52: 46177 | G52: =CHOOSE(WEEKDAY(F52,2),"Thứ Hai","Thứ Ba","Thứ Tư","Thứ Năm","Thứ Sáu","Thứ Bảy","Chủ Nhật") -> Thứ Năm | H52: =VLOOKUP($B52,DM_NHAN_VIEN!$B$4:$F$18,5,FALSE()) -> Ca Hành Chính | I52: =VLOOKUP($H52,DM_CA_LAM!$A$4:$C$6,2,FALSE()) -> 07:30 | J52: =VLOOKUP($H52,DM_CA_LAM!$A$4:$C$6,3,FALSE()) -> 17:30 | K52: 07:24 | L52: 17:36 | M52: =IF($K52="","",MAX(0,ROUND((TIMEVALUE($K52)-TIMEVALUE($I52))*1440,0))) -> 0 | N52: =IF($L52="","",MAX(0,ROUND((TIMEVALUE($J52)-TIMEVALUE($L52))*1440,0))) -> 0 | O52: =IF(OR($K52="",$L52=""),0,ROUND(VLOOKUP($H52,DM_CA_LAM!$A$4:$F$6,6,FALSE())-$M52/60-$N52/60,2)) -> 8 | P52: Đi làm đủ công | Q52: 0 | T52: =$B52&"_"&TEXT($F52,"yyyymmdd") -> NV005_20260604 | U52: =VLOOKUP($P52,DM_TRANG_THAI!$A$4:$B$9,2,FALSE()) -> P
A53: 50 | B53: NV006 | C53: =VLOOKUP($B53,DM_NHAN_VIEN!$B$4:$F$18,2,FALSE()) -> Đỗ Thị Hà | D53: =VLOOKUP($B53,DM_NHAN_VIEN!$B$4:$F$18,3,FALSE()) -> Hành chính | E53: =VLOOKUP($B53,DM_NHAN_VIEN!$B$4:$F$18,4,FALSE()) -> Trưởng phòng | F53: 46177 | G53: =CHOOSE(WEEKDAY(F53,2),"Thứ Hai","Thứ Ba","Thứ Tư","Thứ Năm","Thứ Sáu","Thứ Bảy","Chủ Nhật") -> Thứ Năm | H53: =VLOOKUP($B53,DM_NHAN_VIEN!$B$4:$F$18,5,FALSE()) -> Ca Hành Chính | I53: =VLOOKUP($H53,DM_CA_LAM!$A$4:$C$6,2,FALSE()) -> 07:30 | J53: =VLOOKUP($H53,DM_CA_LAM!$A$4:$C$6,3,FALSE()) -> 17:30 | K53: 07:25 | L53: 17:42 | M53: =IF($K53="","",MAX(0,ROUND((TIMEVALUE($K53)-TIMEVALUE($I53))*1440,0))) -> 0 | N53: =IF($L53="","",MAX(0,ROUND((TIMEVALUE($J53)-TIMEVALUE($L53))*1440,0))) -> 0 | O53: =IF(OR($K53="",$L53=""),0,ROUND(VLOOKUP($H53,DM_CA_LAM!$A$4:$F$6,6,FALSE())-$M53/60-$N53/60,2)) -> 8 | P53: Đi làm đủ công | Q53: 0 | T53: =$B53&"_"&TEXT($F53,"yyyymmdd") -> NV006_20260604 | U53: =VLOOKUP($P53,DM_TRANG_THAI!$A$4:$B$9,2,FALSE()) -> P
A54: 51 | B54: NV007 | C54: =VLOOKUP($B54,DM_NHAN_VIEN!$B$4:$F$18,2,FALSE()) -> Ngô Văn Tài | D54: =VLOOKUP($B54,DM_NHAN_VIEN!$B$4:$F$18,3,FALSE()) -> Hành chính | E54: =VLOOKUP($B54,DM_NHAN_VIEN!$B$4:$F$18,4,FALSE()) -> Phó phòng | F54: 46177 | G54: =CHOOSE(WEEKDAY(F54,2),"Thứ Hai","Thứ Ba","Thứ Tư","Thứ Năm","Thứ Sáu","Thứ Bảy","Chủ Nhật") -> Thứ Năm | H54: =VLOOKUP($B54,DM_NHAN_VIEN!$B$4:$F$18,5,FALSE()) -> Ca Hành Chính | I54: =VLOOKUP($H54,DM_CA_LAM!$A$4:$C$6,2,FALSE()) -> 07:30 | J54: =VLOOKUP($H54,DM_CA_LAM!$A$4:$C$6,3,FALSE()) -> 17:30 | K54: 07:26 | L54: 17:45 | M54: =IF($K54="","",MAX(0,ROUND((TIMEVALUE($K54)-TIMEVALUE($I54))*1440,0))) -> 0 | N54: =IF($L54="","",MAX(0,ROUND((TIMEVALUE($J54)-TIMEVALUE($L54))*1440,0))) -> 0 | O54: =IF(OR($K54="",$L54=""),0,ROUND(VLOOKUP($H54,DM_CA_LAM!$A$4:$F$6,6,FALSE())-$M54/60-$N54/60,2)) -> 8 | P54: Đi làm đủ công | Q54: 2 | R54: Hỗ trợ kiểm kê cuối tháng | T54: =$B54&"_"&TEXT($F54,"yyyymmdd") -> NV007_20260604 | U54: =VLOOKUP($P54,DM_TRANG_THAI!$A$4:$B$9,2,FALSE()) -> P
A55: 52 | B55: NV008 | C55: =VLOOKUP($B55,DM_NHAN_VIEN!$B$4:$F$18,2,FALSE()) -> Vũ Thị Nga | D55: =VLOOKUP($B55,DM_NHAN_VIEN!$B$4:$F$18,3,FALSE()) -> Hành chính | E55: =VLOOKUP($B55,DM_NHAN_VIEN!$B$4:$F$18,4,FALSE()) -> Chuyên viên | F55: 46177 | G55: =CHOOSE(WEEKDAY(F55,2),"Thứ Hai","Thứ Ba","Thứ Tư","Thứ Năm","Thứ Sáu","Thứ Bảy","Chủ Nhật") -> Thứ Năm | H55: =VLOOKUP($B55,DM_NHAN_VIEN!$B$4:$F$18,5,FALSE()) -> Ca Hành Chính | I55: =VLOOKUP($H55,DM_CA_LAM!$A$4:$C$6,2,FALSE()) -> 07:30 | J55: =VLOOKUP($H55,DM_CA_LAM!$A$4:$C$6,3,FALSE()) -> 17:30 | K55: 07:37 | L55: 17:34 | M55: =IF($K55="","",MAX(0,ROUND((TIMEVALUE($K55)-TIMEVALUE($I55))*1440,0))) -> 7 | N55: =IF($L55="","",MAX(0,ROUND((TIMEVALUE($J55)-TIMEVALUE($L55))*1440,0))) -> 0 | O55: =IF(OR($K55="",$L55=""),0,ROUND(VLOOKUP($H55,DM_CA_LAM!$A$4:$F$6,6,FALSE())-$M55/60-$N55/60,2)) -> 7.88 | P55: Đi muộn | Q55: 0 | T55: =$B55&"_"&TEXT($F55,"yyyymmdd") -> NV008_20260604 | U55: =VLOOKUP($P55,DM_TRANG_THAI!$A$4:$B$9,2,FALSE()) -> L
A56: 53 | B56: NV010 | C56: =VLOOKUP($B56,DM_NHAN_VIEN!$B$4:$F$18,2,FALSE()) -> Đặng Thị Hồng | D56: =VLOOKUP($B56,DM_NHAN_VIEN!$B$4:$F$18,3,FALSE()) -> Nhân sự | E56: =VLOOKUP($B56,DM_NHAN_VIEN!$B$4:$F$18,4,FALSE()) -> Chuyên viên | F56: 46177 | G56: =CHOOSE(WEEKDAY(F56,2),"Thứ Hai","Thứ Ba","Thứ Tư","Thứ Năm","Thứ Sáu","Thứ Bảy","Chủ Nhật") -> Thứ Năm | H56: =VLOOKUP($B56,DM_NHAN_VIEN!$B$4:$F$18,5,FALSE()) -> Ca Hành Chính | I56: =VLOOKUP($H56,DM_CA_LAM!$A$4:$C$6,2,FALSE()) -> 07:30 | J56: =VLOOKUP($H56,DM_CA_LAM!$A$4:$C$6,3,FALSE()) -> 17:30 | M56: =IF($K56="","",MAX(0,ROUND((TIMEVALUE($K56)-TIMEVALUE($I56))*1440,0))) | N56: =IF($L56="","",MAX(0,ROUND((TIMEVALUE($J56)-TIMEVALUE($L56))*1440,0))) | O56: =IF(OR($K56="",$L56=""),0,ROUND(VLOOKUP($H56,DM_CA_LAM!$A$4:$F$6,6,FALSE())-$M56/60-$N56/60,2)) -> 0 | P56: Nghỉ không lương | Q56: 0 | T56: =$B56&"_"&TEXT($F56,"yyyymmdd") -> NV010_20260604 | U56: =VLOOKUP($P56,DM_TRANG_THAI!$A$4:$B$9,2,FALSE()) -> KL
A57: 54 | B57: NV011 | C57: =VLOOKUP($B57,DM_NHAN_VIEN!$B$4:$F$18,2,FALSE()) -> Chu Văn Minh | D57: =VLOOKUP($B57,DM_NHAN_VIEN!$B$4:$F$18,3,FALSE()) -> Nhân sự | E57: =VLOOKUP($B57,DM_NHAN_VIEN!$B$4:$F$18,4,FALSE()) -> Chuyên viên | F57: 46177 | G57: =CHOOSE(WEEKDAY(F57,2),"Thứ Hai","Thứ Ba","Thứ Tư","Thứ Năm","Thứ Sáu","Thứ Bảy","Chủ Nhật") -> Thứ Năm | H57: =VLOOKUP($B57,DM_NHAN_VIEN!$B$4:$F$18,5,FALSE()) -> Ca Hành Chính | I57: =VLOOKUP($H57,DM_CA_LAM!$A$4:$C$6,2,FALSE()) -> 07:30 | J57: =VLOOKUP($H57,DM_CA_LAM!$A$4:$C$6,3,FALSE()) -> 17:30 | K57: 07:28 | L57: 17:34 | M57: =IF($K57="","",MAX(0,ROUND((TIMEVALUE($K57)-TIMEVALUE($I57))*1440,0))) -> 0 | N57: =IF($L57="","",MAX(0,ROUND((TIMEVALUE($J57)-TIMEVALUE($L57))*1440,0))) -> 0 | O57: =IF(OR($K57="",$L57=""),0,ROUND(VLOOKUP($H57,DM_CA_LAM!$A$4:$F$6,6,FALSE())-$M57/60-$N57/60,2)) -> 8 | P57: Đi làm đủ công | Q57: 0 | T57: =$B57&"_"&TEXT($F57,"yyyymmdd") -> NV011_20260604 | U57: =VLOOKUP($P57,DM_TRANG_THAI!$A$4:$B$9,2,FALSE()) -> P
A58: 55 | B58: NV014 | C58: =VLOOKUP($B58,DM_NHAN_VIEN!$B$4:$F$18,2,FALSE()) -> Phan Thị Khánh | D58: =VLOOKUP($B58,DM_NHAN_VIEN!$B$4:$F$18,3,FALSE()) -> Kế toán | E58: =VLOOKUP($B58,DM_NHAN_VIEN!$B$4:$F$18,4,FALSE()) -> Trưởng phòng | F58: 46177 | G58: =CHOOSE(WEEKDAY(F58,2),"Thứ Hai","Thứ Ba","Thứ Tư","Thứ Năm","Thứ Sáu","Thứ Bảy","Chủ Nhật") -> Thứ Năm | H58: =VLOOKUP($B58,DM_NHAN_VIEN!$B$4:$F$18,5,FALSE()) -> Ca Hành Chính | I58: =VLOOKUP($H58,DM_CA_LAM!$A$4:$C$6,2,FALSE()) -> 07:30 | J58: =VLOOKUP($H58,DM_CA_LAM!$A$4:$C$6,3,FALSE()) -> 17:30 | K58: 07:26 | L58: 17:33 | M58: =IF($K58="","",MAX(0,ROUND((TIMEVALUE($K58)-TIMEVALUE($I58))*1440,0))) -> 0 | N58: =IF($L58="","",MAX(0,ROUND((TIMEVALUE($J58)-TIMEVALUE($L58))*1440,0))) -> 0 | O58: =IF(OR($K58="",$L58=""),0,ROUND(VLOOKUP($H58,DM_CA_LAM!$A$4:$F$6,6,FALSE())-$M58/60-$N58/60,2)) -> 8 | P58: Đi làm đủ công | Q58: 0 | T58: =$B58&"_"&TEXT($F58,"yyyymmdd") -> NV014_20260604 | U58: =VLOOKUP($P58,DM_TRANG_THAI!$A$4:$B$9,2,FALSE()) -> P
A59: 56 | B59: NV015 | C59: =VLOOKUP($B59,DM_NHAN_VIEN!$B$4:$F$18,2,FALSE()) -> Trịnh Văn Hùng | D59: =VLOOKUP($B59,DM_NHAN_VIEN!$B$4:$F$18,3,FALSE()) -> Kế toán | E59: =VLOOKUP($B59,DM_NHAN_VIEN!$B$4:$F$18,4,FALSE()) -> Phó phòng | F59: 46177 | G59: =CHOOSE(WEEKDAY(F59,2),"Thứ Hai","Thứ Ba","Thứ Tư","Thứ Năm","Thứ Sáu","Thứ Bảy","Chủ Nhật") -> Thứ Năm | H59: =VLOOKUP($B59,DM_NHAN_VIEN!$B$4:$F$18,5,FALSE()) -> Ca Hành Chính | I59: =VLOOKUP($H59,DM_CA_LAM!$A$4:$C$6,2,FALSE()) -> 07:30 | J59: =VLOOKUP($H59,DM_CA_LAM!$A$4:$C$6,3,FALSE()) -> 17:30 | K59: 08:05 | L59: 17:35 | M59: =IF($K59="","",MAX(0,ROUND((TIMEVALUE($K59)-TIMEVALUE($I59))*1440,0))) -> 35 | N59: =IF($L59="","",MAX(0,ROUND((TIMEVALUE($J59)-TIMEVALUE($L59))*1440,0))) -> 0 | O59: =IF(OR($K59="",$L59=""),0,ROUND(VLOOKUP($H59,DM_CA_LAM!$A$4:$F$6,6,FALSE())-$M59/60-$N59/60,2)) -> 7.42 | P59: Đi muộn | Q59: 0 | S59: Kẹt xe | T59: =$B59&"_"&TEXT($F59,"yyyymmdd") -> NV015_20260604 | U59: =VLOOKUP($P59,DM_TRANG_THAI!$A$4:$B$9,2,FALSE()) -> L
A60: 57 | B60: NV019 | C60: =VLOOKUP($B60,DM_NHAN_VIEN!$B$4:$F$18,2,FALSE()) -> Hoàng Văn Lộc | D60: =VLOOKUP($B60,DM_NHAN_VIEN!$B$4:$F$18,3,FALSE()) -> Kinh doanh | E60: =VLOOKUP($B60,DM_NHAN_VIEN!$B$4:$F$18,4,FALSE()) -> Trưởng phòng | F60: 46177 | G60: =CHOOSE(WEEKDAY(F60,2),"Thứ Hai","Thứ Ba","Thứ Tư","Thứ Năm","Thứ Sáu","Thứ Bảy","Chủ Nhật") -> Thứ Năm | H60: =VLOOKUP($B60,DM_NHAN_VIEN!$B$4:$F$18,5,FALSE()) -> Ca Hành Chính | I60: =VLOOKUP($H60,DM_CA_LAM!$A$4:$C$6,2,FALSE()) -> 07:30 | J60: =VLOOKUP($H60,DM_CA_LAM!$A$4:$C$6,3,FALSE()) -> 17:30 | K60: 07:29 | L60: 17:31 | M60: =IF($K60="","",MAX(0,ROUND((TIMEVALUE($K60)-TIMEVALUE($I60))*1440,0))) -> 0 | N60: =IF($L60="","",MAX(0,ROUND((TIMEVALUE($J60)-TIMEVALUE($L60))*1440,0))) -> 0 | O60: =IF(OR($K60="",$L60=""),0,ROUND(VLOOKUP($H60,DM_CA_LAM!$A$4:$F$6,6,FALSE())-$M60/60-$N60/60,2)) -> 8 | P60: Đi làm đủ công | Q60: 0 | T60: =$B60&"_"&TEXT($F60,"yyyymmdd") -> NV019_20260604 | U60: =VLOOKUP($P60,DM_TRANG_THAI!$A$4:$B$9,2,FALSE()) -> P
A61: 58 | B61: NV021 | C61: =VLOOKUP($B61,DM_NHAN_VIEN!$B$4:$F$18,2,FALSE()) -> Nguyễn Văn Phú | D61: =VLOOKUP($B61,DM_NHAN_VIEN!$B$4:$F$18,3,FALSE()) -> Kinh doanh | E61: =VLOOKUP($B61,DM_NHAN_VIEN!$B$4:$F$18,4,FALSE()) -> Nhân viên | F61: 46177 | G61: =CHOOSE(WEEKDAY(F61,2),"Thứ Hai","Thứ Ba","Thứ Tư","Thứ Năm","Thứ Sáu","Thứ Bảy","Chủ Nhật") -> Thứ Năm | H61: =VLOOKUP($B61,DM_NHAN_VIEN!$B$4:$F$18,5,FALSE()) -> Ca Hành Chính | I61: =VLOOKUP($H61,DM_CA_LAM!$A$4:$C$6,2,FALSE()) -> 07:30 | J61: =VLOOKUP($H61,DM_CA_LAM!$A$4:$C$6,3,FALSE()) -> 17:30 | K61: 07:30 | L61: 17:43 | M61: =IF($K61="","",MAX(0,ROUND((TIMEVALUE($K61)-TIMEVALUE($I61))*1440,0))) -> 0 | N61: =IF($L61="","",MAX(0,ROUND((TIMEVALUE($J61)-TIMEVALUE($L61))*1440,0))) -> 0 | O61: =IF(OR($K61="",$L61=""),0,ROUND(VLOOKUP($H61,DM_CA_LAM!$A$4:$F$6,6,FALSE())-$M61/60-$N61/60,2)) -> 8 | P61: Đi làm đủ công | Q61: 0 | T61: =$B61&"_"&TEXT($F61,"yyyymmdd") -> NV021_20260604 | U61: =VLOOKUP($P61,DM_TRANG_THAI!$A$4:$B$9,2,FALSE()) -> P
A62: 59 | B62: NV029 | C62: =VLOOKUP($B62,DM_NHAN_VIEN!$B$4:$F$18,2,FALSE()) -> Lý Văn Dũng | D62: =VLOOKUP($B62,DM_NHAN_VIEN!$B$4:$F$18,3,FALSE()) -> Xưởng sản xuất | E62: =VLOOKUP($B62,DM_NHAN_VIEN!$B$4:$F$18,4,FALSE()) -> Tổ trưởng | F62: 46177 | G62: =CHOOSE(WEEKDAY(F62,2),"Thứ Hai","Thứ Ba","Thứ Tư","Thứ Năm","Thứ Sáu","Thứ Bảy","Chủ Nhật") -> Thứ Năm | H62: =VLOOKUP($B62,DM_NHAN_VIEN!$B$4:$F$18,5,FALSE()) -> Ca Hành Chính | I62: =VLOOKUP($H62,DM_CA_LAM!$A$4:$C$6,2,FALSE()) -> 07:30 | J62: =VLOOKUP($H62,DM_CA_LAM!$A$4:$C$6,3,FALSE()) -> 17:30 | K62: 07:20 | L62: 17:44 | M62: =IF($K62="","",MAX(0,ROUND((TIMEVALUE($K62)-TIMEVALUE($I62))*1440,0))) -> 0 | N62: =IF($L62="","",MAX(0,ROUND((TIMEVALUE($J62)-TIMEVALUE($L62))*1440,0))) -> 0 | O62: =IF(OR($K62="",$L62=""),0,ROUND(VLOOKUP($H62,DM_CA_LAM!$A$4:$F$6,6,FALSE())-$M62/60-$N62/60,2)) -> 8 | P62: Đi làm đủ công | Q62: 2 | R62: Xử lý đơn hàng gấp | T62: =$B62&"_"&TEXT($F62,"yyyymmdd") -> NV029_20260604 | U62: =VLOOKUP($P62,DM_TRANG_THAI!$A$4:$B$9,2,FALSE()) -> P
A63: 60 | B63: NV030 | C63: =VLOOKUP($B63,DM_NHAN_VIEN!$B$4:$F$18,2,FALSE()) -> Tống Văn Thắng | D63: =VLOOKUP($B63,DM_NHAN_VIEN!$B$4:$F$18,3,FALSE()) -> Xưởng sản xuất | E63: =VLOOKUP($B63,DM_NHAN_VIEN!$B$4:$F$18,4,FALSE()) -> Tổ trưởng | F63: 46177 | G63: =CHOOSE(WEEKDAY(F63,2),"Thứ Hai","Thứ Ba","Thứ Tư","Thứ Năm","Thứ Sáu","Thứ Bảy","Chủ Nhật") -> Thứ Năm | H63: =VLOOKUP($B63,DM_NHAN_VIEN!$B$4:$F$18,5,FALSE()) -> Ca Hành Chính | I63: =VLOOKUP($H63,DM_CA_LAM!$A$4:$C$6,2,FALSE()) -> 07:30 | J63: =VLOOKUP($H63,DM_CA_LAM!$A$4:$C$6,3,FALSE()) -> 17:30 | K63: 07:52 | L63: 17:31 | M63: =IF($K63="","",MAX(0,ROUND((TIMEVALUE($K63)-TIMEVALUE($I63))*1440,0))) -> 22 | N63: =IF($L63="","",MAX(0,ROUND((TIMEVALUE($J63)-TIMEVALUE($L63))*1440,0))) -> 0 | O63: =IF(OR($K63="",$L63=""),0,ROUND(VLOOKUP($H63,DM_CA_LAM!$A$4:$F$6,6,FALSE())-$M63/60-$N63/60,2)) -> 7.63 | P63: Đi muộn | Q63: 0 | S63: Kẹt xe | T63: =$B63&"_"&TEXT($F63,"yyyymmdd") -> NV030_20260604 | U63: =VLOOKUP($P63,DM_TRANG_THAI!$A$4:$B$9,2,FALSE()) -> L
A64: 61 | B64: NV002 | C64: =VLOOKUP($B64,DM_NHAN_VIEN!$B$4:$F$18,2,FALSE()) -> Nguyễn Văn Giám Đốc | D64: =VLOOKUP($B64,DM_NHAN_VIEN!$B$4:$F$18,3,FALSE()) -> Hành chính | E64: =VLOOKUP($B64,DM_NHAN_VIEN!$B$4:$F$18,4,FALSE()) -> Giám đốc | F64: 46178 | G64: =CHOOSE(WEEKDAY(F64,2),"Thứ Hai","Thứ Ba","Thứ Tư","Thứ Năm","Thứ Sáu","Thứ Bảy","Chủ Nhật") -> Thứ Sáu | H64: =VLOOKUP($B64,DM_NHAN_VIEN!$B$4:$F$18,5,FALSE()) -> Ca Hành Chính | I64: =VLOOKUP($H64,DM_CA_LAM!$A$4:$C$6,2,FALSE()) -> 07:30 | J64: =VLOOKUP($H64,DM_CA_LAM!$A$4:$C$6,3,FALSE()) -> 17:30 | K64: 07:26 | L64: 17:37 | M64: =IF($K64="","",MAX(0,ROUND((TIMEVALUE($K64)-TIMEVALUE($I64))*1440,0))) -> 0 | N64: =IF($L64="","",MAX(0,ROUND((TIMEVALUE($J64)-TIMEVALUE($L64))*1440,0))) -> 0 | O64: =IF(OR($K64="",$L64=""),0,ROUND(VLOOKUP($H64,DM_CA_LAM!$A$4:$F$6,6,FALSE())-$M64/60-$N64/60,2)) -> 8 | P64: Đi làm đủ công | Q64: 0 | T64: =$B64&"_"&TEXT($F64,"yyyymmdd") -> NV002_20260605 | U64: =VLOOKUP($P64,DM_TRANG_THAI!$A$4:$B$9,2,FALSE()) -> P
A65: 62 | B65: NV003 | C65: =VLOOKUP($B65,DM_NHAN_VIEN!$B$4:$F$18,2,FALSE()) -> Trần Thị Nhân Sự | D65: =VLOOKUP($B65,DM_NHAN_VIEN!$B$4:$F$18,3,FALSE()) -> Nhân sự | E65: =VLOOKUP($B65,DM_NHAN_VIEN!$B$4:$F$18,4,FALSE()) -> Trưởng phòng | F65: 46178 | G65: =CHOOSE(WEEKDAY(F65,2),"Thứ Hai","Thứ Ba","Thứ Tư","Thứ Năm","Thứ Sáu","Thứ Bảy","Chủ Nhật") -> Thứ Sáu | H65: =VLOOKUP($B65,DM_NHAN_VIEN!$B$4:$F$18,5,FALSE()) -> Ca Hành Chính | I65: =VLOOKUP($H65,DM_CA_LAM!$A$4:$C$6,2,FALSE()) -> 07:30 | J65: =VLOOKUP($H65,DM_CA_LAM!$A$4:$C$6,3,FALSE()) -> 17:30 | K65: 07:35 | L65: 17:40 | M65: =IF($K65="","",MAX(0,ROUND((TIMEVALUE($K65)-TIMEVALUE($I65))*1440,0))) -> 5 | N65: =IF($L65="","",MAX(0,ROUND((TIMEVALUE($J65)-TIMEVALUE($L65))*1440,0))) -> 0 | O65: =IF(OR($K65="",$L65=""),0,ROUND(VLOOKUP($H65,DM_CA_LAM!$A$4:$F$6,6,FALSE())-$M65/60-$N65/60,2)) -> 7.92 | P65: Đi muộn | Q65: 0 | S65: Kẹt xe | T65: =$B65&"_"&TEXT($F65,"yyyymmdd") -> NV003_20260605 | U65: =VLOOKUP($P65,DM_TRANG_THAI!$A$4:$B$9,2,FALSE()) -> L
A66: 63 | B66: NV004 | C66: =VLOOKUP($B66,DM_NHAN_VIEN!$B$4:$F$18,2,FALSE()) -> Lê Văn Quản Đốc | D66: =VLOOKUP($B66,DM_NHAN_VIEN!$B$4:$F$18,3,FALSE()) -> Xưởng sản xuất | E66: =VLOOKUP($B66,DM_NHAN_VIEN!$B$4:$F$18,4,FALSE()) -> Quản đốc | F66: 46178 | G66: =CHOOSE(WEEKDAY(F66,2),"Thứ Hai","Thứ Ba","Thứ Tư","Thứ Năm","Thứ Sáu","Thứ Bảy","Chủ Nhật") -> Thứ Sáu | H66: =VLOOKUP($B66,DM_NHAN_VIEN!$B$4:$F$18,5,FALSE()) -> Ca Hành Chính | I66: =VLOOKUP($H66,DM_CA_LAM!$A$4:$C$6,2,FALSE()) -> 07:30 | J66: =VLOOKUP($H66,DM_CA_LAM!$A$4:$C$6,3,FALSE()) -> 17:30 | M66: =IF($K66="","",MAX(0,ROUND((TIMEVALUE($K66)-TIMEVALUE($I66))*1440,0))) | N66: =IF($L66="","",MAX(0,ROUND((TIMEVALUE($J66)-TIMEVALUE($L66))*1440,0))) | O66: =IF(OR($K66="",$L66=""),0,ROUND(VLOOKUP($H66,DM_CA_LAM!$A$4:$F$6,6,FALSE())-$M66/60-$N66/60,2)) -> 0 | P66: Nghỉ phép năm | Q66: 0 | T66: =$B66&"_"&TEXT($F66,"yyyymmdd") -> NV004_20260605 | U66: =VLOOKUP($P66,DM_TRANG_THAI!$A$4:$B$9,2,FALSE()) -> NP
A67: 64 | B67: NV005 | C67: =VLOOKUP($B67,DM_NHAN_VIEN!$B$4:$F$18,2,FALSE()) -> Phạm Công Nhân | D67: =VLOOKUP($B67,DM_NHAN_VIEN!$B$4:$F$18,3,FALSE()) -> Xưởng sản xuất | E67: =VLOOKUP($B67,DM_NHAN_VIEN!$B$4:$F$18,4,FALSE()) -> Công nhân | F67: 46178 | G67: =CHOOSE(WEEKDAY(F67,2),"Thứ Hai","Thứ Ba","Thứ Tư","Thứ Năm","Thứ Sáu","Thứ Bảy","Chủ Nhật") -> Thứ Sáu | H67: =VLOOKUP($B67,DM_NHAN_VIEN!$B$4:$F$18,5,FALSE()) -> Ca Hành Chính | I67: =VLOOKUP($H67,DM_CA_LAM!$A$4:$C$6,2,FALSE()) -> 07:30 | J67: =VLOOKUP($H67,DM_CA_LAM!$A$4:$C$6,3,FALSE()) -> 17:30 | K67: 07:30 | L67: 17:38 | M67: =IF($K67="","",MAX(0,ROUND((TIMEVALUE($K67)-TIMEVALUE($I67))*1440,0))) -> 0 | N67: =IF($L67="","",MAX(0,ROUND((TIMEVALUE($J67)-TIMEVALUE($L67))*1440,0))) -> 0 | O67: =IF(OR($K67="",$L67=""),0,ROUND(VLOOKUP($H67,DM_CA_LAM!$A$4:$F$6,6,FALSE())-$M67/60-$N67/60,2)) -> 8 | P67: Đi làm đủ công | Q67: 0 | T67: =$B67&"_"&TEXT($F67,"yyyymmdd") -> NV005_20260605 | U67: =VLOOKUP($P67,DM_TRANG_THAI!$A$4:$B$9,2,FALSE()) -> P
A68: 65 | B68: NV006 | C68: =VLOOKUP($B68,DM_NHAN_VIEN!$B$4:$F$18,2,FALSE()) -> Đỗ Thị Hà | D68: =VLOOKUP($B68,DM_NHAN_VIEN!$B$4:$F$18,3,FALSE()) -> Hành chính | E68: =VLOOKUP($B68,DM_NHAN_VIEN!$B$4:$F$18,4,FALSE()) -> Trưởng phòng | F68: 46178 | G68: =CHOOSE(WEEKDAY(F68,2),"Thứ Hai","Thứ Ba","Thứ Tư","Thứ Năm","Thứ Sáu","Thứ Bảy","Chủ Nhật") -> Thứ Sáu | H68: =VLOOKUP($B68,DM_NHAN_VIEN!$B$4:$F$18,5,FALSE()) -> Ca Hành Chính | I68: =VLOOKUP($H68,DM_CA_LAM!$A$4:$C$6,2,FALSE()) -> 07:30 | J68: =VLOOKUP($H68,DM_CA_LAM!$A$4:$C$6,3,FALSE()) -> 17:30 | K68: 07:23 | L68: 17:43 | M68: =IF($K68="","",MAX(0,ROUND((TIMEVALUE($K68)-TIMEVALUE($I68))*1440,0))) -> 0 | N68: =IF($L68="","",MAX(0,ROUND((TIMEVALUE($J68)-TIMEVALUE($L68))*1440,0))) -> 0 | O68: =IF(OR($K68="",$L68=""),0,ROUND(VLOOKUP($H68,DM_CA_LAM!$A$4:$F$6,6,FALSE())-$M68/60-$N68/60,2)) -> 8 | P68: Đi làm đủ công | Q68: 0 | T68: =$B68&"_"&TEXT($F68,"yyyymmdd") -> NV006_20260605 | U68: =VLOOKUP($P68,DM_TRANG_THAI!$A$4:$B$9,2,FALSE()) -> P
A69: 66 | B69: NV007 | C69: =VLOOKUP($B69,DM_NHAN_VIEN!$B$4:$F$18,2,FALSE()) -> Ngô Văn Tài | D69: =VLOOKUP($B69,DM_NHAN_VIEN!$B$4:$F$18,3,FALSE()) -> Hành chính | E69: =VLOOKUP($B69,DM_NHAN_VIEN!$B$4:$F$18,4,FALSE()) -> Phó phòng | F69: 46178 | G69: =CHOOSE(WEEKDAY(F69,2),"Thứ Hai","Thứ Ba","Thứ Tư","Thứ Năm","Thứ Sáu","Thứ Bảy","Chủ Nhật") -> Thứ Sáu | H69: =VLOOKUP($B69,DM_NHAN_VIEN!$B$4:$F$18,5,FALSE()) -> Ca Hành Chính | I69: =VLOOKUP($H69,DM_CA_LAM!$A$4:$C$6,2,FALSE()) -> 07:30 | J69: =VLOOKUP($H69,DM_CA_LAM!$A$4:$C$6,3,FALSE()) -> 17:30 | K69: 07:26 | L69: 17:37 | M69: =IF($K69="","",MAX(0,ROUND((TIMEVALUE($K69)-TIMEVALUE($I69))*1440,0))) -> 0 | N69: =IF($L69="","",MAX(0,ROUND((TIMEVALUE($J69)-TIMEVALUE($L69))*1440,0))) -> 0 | O69: =IF(OR($K69="",$L69=""),0,ROUND(VLOOKUP($H69,DM_CA_LAM!$A$4:$F$6,6,FALSE())-$M69/60-$N69/60,2)) -> 8 | P69: Đi làm đủ công | Q69: 0 | T69: =$B69&"_"&TEXT($F69,"yyyymmdd") -> NV007_20260605 | U69: =VLOOKUP($P69,DM_TRANG_THAI!$A$4:$B$9,2,FALSE()) -> P
A70: 67 | B70: NV008 | C70: =VLOOKUP($B70,DM_NHAN_VIEN!$B$4:$F$18,2,FALSE()) -> Vũ Thị Nga | D70: =VLOOKUP($B70,DM_NHAN_VIEN!$B$4:$F$18,3,FALSE()) -> Hành chính | E70: =VLOOKUP($B70,DM_NHAN_VIEN!$B$4:$F$18,4,FALSE()) -> Chuyên viên | F70: 46178 | G70: =CHOOSE(WEEKDAY(F70,2),"Thứ Hai","Thứ Ba","Thứ Tư","Thứ Năm","Thứ Sáu","Thứ Bảy","Chủ Nhật") -> Thứ Sáu | H70: =VLOOKUP($B70,DM_NHAN_VIEN!$B$4:$F$18,5,FALSE()) -> Ca Hành Chính | I70: =VLOOKUP($H70,DM_CA_LAM!$A$4:$C$6,2,FALSE()) -> 07:30 | J70: =VLOOKUP($H70,DM_CA_LAM!$A$4:$C$6,3,FALSE()) -> 17:30 | K70: 07:29 | L70: 17:42 | M70: =IF($K70="","",MAX(0,ROUND((TIMEVALUE($K70)-TIMEVALUE($I70))*1440,0))) -> 0 | N70: =IF($L70="","",MAX(0,ROUND((TIMEVALUE($J70)-TIMEVALUE($L70))*1440,0))) -> 0 | O70: =IF(OR($K70="",$L70=""),0,ROUND(VLOOKUP($H70,DM_CA_LAM!$A$4:$F$6,6,FALSE())-$M70/60-$N70/60,2)) -> 8 | P70: Đi làm đủ công | Q70: 0 | T70: =$B70&"_"&TEXT($F70,"yyyymmdd") -> NV008_20260605 | U70: =VLOOKUP($P70,DM_TRANG_THAI!$A$4:$B$9,2,FALSE()) -> P
A71: 68 | B71: NV010 | C71: =VLOOKUP($B71,DM_NHAN_VIEN!$B$4:$F$18,2,FALSE()) -> Đặng Thị Hồng | D71: =VLOOKUP($B71,DM_NHAN_VIEN!$B$4:$F$18,3,FALSE()) -> Nhân sự | E71: =VLOOKUP($B71,DM_NHAN_VIEN!$B$4:$F$18,4,FALSE()) -> Chuyên viên | F71: 46178 | G71: =CHOOSE(WEEKDAY(F71,2),"Thứ Hai","Thứ Ba","Thứ Tư","Thứ Năm","Thứ Sáu","Thứ Bảy","Chủ Nhật") -> Thứ Sáu | H71: =VLOOKUP($B71,DM_NHAN_VIEN!$B$4:$F$18,5,FALSE()) -> Ca Hành Chính | I71: =VLOOKUP($H71,DM_CA_LAM!$A$4:$C$6,2,FALSE()) -> 07:30 | J71: =VLOOKUP($H71,DM_CA_LAM!$A$4:$C$6,3,FALSE()) -> 17:30 | K71: 07:29 | L71: 17:31 | M71: =IF($K71="","",MAX(0,ROUND((TIMEVALUE($K71)-TIMEVALUE($I71))*1440,0))) -> 0 | N71: =IF($L71="","",MAX(0,ROUND((TIMEVALUE($J71)-TIMEVALUE($L71))*1440,0))) -> 0 | O71: =IF(OR($K71="",$L71=""),0,ROUND(VLOOKUP($H71,DM_CA_LAM!$A$4:$F$6,6,FALSE())-$M71/60-$N71/60,2)) -> 8 | P71: Đi làm đủ công | Q71: 0 | T71: =$B71&"_"&TEXT($F71,"yyyymmdd") -> NV010_20260605 | U71: =VLOOKUP($P71,DM_TRANG_THAI!$A$4:$B$9,2,FALSE()) -> P
A72: 69 | B72: NV011 | C72: =VLOOKUP($B72,DM_NHAN_VIEN!$B$4:$F$18,2,FALSE()) -> Chu Văn Minh | D72: =VLOOKUP($B72,DM_NHAN_VIEN!$B$4:$F$18,3,FALSE()) -> Nhân sự | E72: =VLOOKUP($B72,DM_NHAN_VIEN!$B$4:$F$18,4,FALSE()) -> Chuyên viên | F72: 46178 | G72: =CHOOSE(WEEKDAY(F72,2),"Thứ Hai","Thứ Ba","Thứ Tư","Thứ Năm","Thứ Sáu","Thứ Bảy","Chủ Nhật") -> Thứ Sáu | H72: =VLOOKUP($B72,DM_NHAN_VIEN!$B$4:$F$18,5,FALSE()) -> Ca Hành Chính | I72: =VLOOKUP($H72,DM_CA_LAM!$A$4:$C$6,2,FALSE()) -> 07:30 | J72: =VLOOKUP($H72,DM_CA_LAM!$A$4:$C$6,3,FALSE()) -> 17:30 | K72: 07:27 | L72: 17:33 | M72: =IF($K72="","",MAX(0,ROUND((TIMEVALUE($K72)-TIMEVALUE($I72))*1440,0))) -> 0 | N72: =IF($L72="","",MAX(0,ROUND((TIMEVALUE($J72)-TIMEVALUE($L72))*1440,0))) -> 0 | O72: =IF(OR($K72="",$L72=""),0,ROUND(VLOOKUP($H72,DM_CA_LAM!$A$4:$F$6,6,FALSE())-$M72/60-$N72/60,2)) -> 8 | P72: Đi làm đủ công | Q72: 3 | R72: Họp tăng ca sản xuất | T72: =$B72&"_"&TEXT($F72,"yyyymmdd") -> NV011_20260605 | U72: =VLOOKUP($P72,DM_TRANG_THAI!$A$4:$B$9,2,FALSE()) -> P
A73: 70 | B73: NV014 | C73: =VLOOKUP($B73,DM_NHAN_VIEN!$B$4:$F$18,2,FALSE()) -> Phan Thị Khánh | D73: =VLOOKUP($B73,DM_NHAN_VIEN!$B$4:$F$18,3,FALSE()) -> Kế toán | E73: =VLOOKUP($B73,DM_NHAN_VIEN!$B$4:$F$18,4,FALSE()) -> Trưởng phòng | F73: 46178 | G73: =CHOOSE(WEEKDAY(F73,2),"Thứ Hai","Thứ Ba","Thứ Tư","Thứ Năm","Thứ Sáu","Thứ Bảy","Chủ Nhật") -> Thứ Sáu | H73: =VLOOKUP($B73,DM_NHAN_VIEN!$B$4:$F$18,5,FALSE()) -> Ca Hành Chính | I73: =VLOOKUP($H73,DM_CA_LAM!$A$4:$C$6,2,FALSE()) -> 07:30 | J73: =VLOOKUP($H73,DM_CA_LAM!$A$4:$C$6,3,FALSE()) -> 17:30 | K73: 07:21 | L73: 17:44 | M73: =IF($K73="","",MAX(0,ROUND((TIMEVALUE($K73)-TIMEVALUE($I73))*1440,0))) -> 0 | N73: =IF($L73="","",MAX(0,ROUND((TIMEVALUE($J73)-TIMEVALUE($L73))*1440,0))) -> 0 | O73: =IF(OR($K73="",$L73=""),0,ROUND(VLOOKUP($H73,DM_CA_LAM!$A$4:$F$6,6,FALSE())-$M73/60-$N73/60,2)) -> 8 | P73: Đi làm đủ công | Q73: 0 | T73: =$B73&"_"&TEXT($F73,"yyyymmdd") -> NV014_20260605 | U73: =VLOOKUP($P73,DM_TRANG_THAI!$A$4:$B$9,2,FALSE()) -> P
A74: 71 | B74: NV015 | C74: =VLOOKUP($B74,DM_NHAN_VIEN!$B$4:$F$18,2,FALSE()) -> Trịnh Văn Hùng | D74: =VLOOKUP($B74,DM_NHAN_VIEN!$B$4:$F$18,3,FALSE()) -> Kế toán | E74: =VLOOKUP($B74,DM_NHAN_VIEN!$B$4:$F$18,4,FALSE()) -> Phó phòng | F74: 46178 | G74: =CHOOSE(WEEKDAY(F74,2),"Thứ Hai","Thứ Ba","Thứ Tư","Thứ Năm","Thứ Sáu","Thứ Bảy","Chủ Nhật") -> Thứ Sáu | H74: =VLOOKUP($B74,DM_NHAN_VIEN!$B$4:$F$18,5,FALSE()) -> Ca Hành Chính | I74: =VLOOKUP($H74,DM_CA_LAM!$A$4:$C$6,2,FALSE()) -> 07:30 | J74: =VLOOKUP($H74,DM_CA_LAM!$A$4:$C$6,3,FALSE()) -> 17:30 | K74: 07:29 | L74: 17:40 | M74: =IF($K74="","",MAX(0,ROUND((TIMEVALUE($K74)-TIMEVALUE($I74))*1440,0))) -> 0 | N74: =IF($L74="","",MAX(0,ROUND((TIMEVALUE($J74)-TIMEVALUE($L74))*1440,0))) -> 0 | O74: =IF(OR($K74="",$L74=""),0,ROUND(VLOOKUP($H74,DM_CA_LAM!$A$4:$F$6,6,FALSE())-$M74/60-$N74/60,2)) -> 8 | P74: Đi làm đủ công | Q74: 0 | T74: =$B74&"_"&TEXT($F74,"yyyymmdd") -> NV015_20260605 | U74: =VLOOKUP($P74,DM_TRANG_THAI!$A$4:$B$9,2,FALSE()) -> P
A75: 72 | B75: NV019 | C75: =VLOOKUP($B75,DM_NHAN_VIEN!$B$4:$F$18,2,FALSE()) -> Hoàng Văn Lộc | D75: =VLOOKUP($B75,DM_NHAN_VIEN!$B$4:$F$18,3,FALSE()) -> Kinh doanh | E75: =VLOOKUP($B75,DM_NHAN_VIEN!$B$4:$F$18,4,FALSE()) -> Trưởng phòng | F75: 46178 | G75: =CHOOSE(WEEKDAY(F75,2),"Thứ Hai","Thứ Ba","Thứ Tư","Thứ Năm","Thứ Sáu","Thứ Bảy","Chủ Nhật") -> Thứ Sáu | H75: =VLOOKUP($B75,DM_NHAN_VIEN!$B$4:$F$18,5,FALSE()) -> Ca Hành Chính | I75: =VLOOKUP($H75,DM_CA_LAM!$A$4:$C$6,2,FALSE()) -> 07:30 | J75: =VLOOKUP($H75,DM_CA_LAM!$A$4:$C$6,3,FALSE()) -> 17:30 | M75: =IF($K75="","",MAX(0,ROUND((TIMEVALUE($K75)-TIMEVALUE($I75))*1440,0))) | N75: =IF($L75="","",MAX(0,ROUND((TIMEVALUE($J75)-TIMEVALUE($L75))*1440,0))) | O75: =IF(OR($K75="",$L75=""),0,ROUND(VLOOKUP($H75,DM_CA_LAM!$A$4:$F$6,6,FALSE())-$M75/60-$N75/60,2)) -> 0 | P75: Vắng không lý do | Q75: 0 | T75: =$B75&"_"&TEXT($F75,"yyyymmdd") -> NV019_20260605 | U75: =VLOOKUP($P75,DM_TRANG_THAI!$A$4:$B$9,2,FALSE()) -> A
A76: 73 | B76: NV021 | C76: =VLOOKUP($B76,DM_NHAN_VIEN!$B$4:$F$18,2,FALSE()) -> Nguyễn Văn Phú | D76: =VLOOKUP($B76,DM_NHAN_VIEN!$B$4:$F$18,3,FALSE()) -> Kinh doanh | E76: =VLOOKUP($B76,DM_NHAN_VIEN!$B$4:$F$18,4,FALSE()) -> Nhân viên | F76: 46178 | G76: =CHOOSE(WEEKDAY(F76,2),"Thứ Hai","Thứ Ba","Thứ Tư","Thứ Năm","Thứ Sáu","Thứ Bảy","Chủ Nhật") -> Thứ Sáu | H76: =VLOOKUP($B76,DM_NHAN_VIEN!$B$4:$F$18,5,FALSE()) -> Ca Hành Chính | I76: =VLOOKUP($H76,DM_CA_LAM!$A$4:$C$6,2,FALSE()) -> 07:30 | J76: =VLOOKUP($H76,DM_CA_LAM!$A$4:$C$6,3,FALSE()) -> 17:30 | K76: 07:24 | L76: 17:36 | M76: =IF($K76="","",MAX(0,ROUND((TIMEVALUE($K76)-TIMEVALUE($I76))*1440,0))) -> 0 | N76: =IF($L76="","",MAX(0,ROUND((TIMEVALUE($J76)-TIMEVALUE($L76))*1440,0))) -> 0 | O76: =IF(OR($K76="",$L76=""),0,ROUND(VLOOKUP($H76,DM_CA_LAM!$A$4:$F$6,6,FALSE())-$M76/60-$N76/60,2)) -> 8 | P76: Đi làm đủ công | Q76: 0 | T76: =$B76&"_"&TEXT($F76,"yyyymmdd") -> NV021_20260605 | U76: =VLOOKUP($P76,DM_TRANG_THAI!$A$4:$B$9,2,FALSE()) -> P
A77: 74 | B77: NV029 | C77: =VLOOKUP($B77,DM_NHAN_VIEN!$B$4:$F$18,2,FALSE()) -> Lý Văn Dũng | D77: =VLOOKUP($B77,DM_NHAN_VIEN!$B$4:$F$18,3,FALSE()) -> Xưởng sản xuất | E77: =VLOOKUP($B77,DM_NHAN_VIEN!$B$4:$F$18,4,FALSE()) -> Tổ trưởng | F77: 46178 | G77: =CHOOSE(WEEKDAY(F77,2),"Thứ Hai","Thứ Ba","Thứ Tư","Thứ Năm","Thứ Sáu","Thứ Bảy","Chủ Nhật") -> Thứ Sáu | H77: =VLOOKUP($B77,DM_NHAN_VIEN!$B$4:$F$18,5,FALSE()) -> Ca Hành Chính | I77: =VLOOKUP($H77,DM_CA_LAM!$A$4:$C$6,2,FALSE()) -> 07:30 | J77: =VLOOKUP($H77,DM_CA_LAM!$A$4:$C$6,3,FALSE()) -> 17:30 | K77: 07:22 | L77: 17:31 | M77: =IF($K77="","",MAX(0,ROUND((TIMEVALUE($K77)-TIMEVALUE($I77))*1440,0))) -> 0 | N77: =IF($L77="","",MAX(0,ROUND((TIMEVALUE($J77)-TIMEVALUE($L77))*1440,0))) -> 0 | O77: =IF(OR($K77="",$L77=""),0,ROUND(VLOOKUP($H77,DM_CA_LAM!$A$4:$F$6,6,FALSE())-$M77/60-$N77/60,2)) -> 8 | P77: Đi làm đủ công | Q77: 0 | T77: =$B77&"_"&TEXT($F77,"yyyymmdd") -> NV029_20260605 | U77: =VLOOKUP($P77,DM_TRANG_THAI!$A$4:$B$9,2,FALSE()) -> P
A78: 75 | B78: NV030 | C78: =VLOOKUP($B78,DM_NHAN_VIEN!$B$4:$F$18,2,FALSE()) -> Tống Văn Thắng | D78: =VLOOKUP($B78,DM_NHAN_VIEN!$B$4:$F$18,3,FALSE()) -> Xưởng sản xuất | E78: =VLOOKUP($B78,DM_NHAN_VIEN!$B$4:$F$18,4,FALSE()) -> Tổ trưởng | F78: 46178 | G78: =CHOOSE(WEEKDAY(F78,2),"Thứ Hai","Thứ Ba","Thứ Tư","Thứ Năm","Thứ Sáu","Thứ Bảy","Chủ Nhật") -> Thứ Sáu | H78: =VLOOKUP($B78,DM_NHAN_VIEN!$B$4:$F$18,5,FALSE()) -> Ca Hành Chính | I78: =VLOOKUP($H78,DM_CA_LAM!$A$4:$C$6,2,FALSE()) -> 07:30 | J78: =VLOOKUP($H78,DM_CA_LAM!$A$4:$C$6,3,FALSE()) -> 17:30 | K78: 07:24 | L78: 17:44 | M78: =IF($K78="","",MAX(0,ROUND((TIMEVALUE($K78)-TIMEVALUE($I78))*1440,0))) -> 0 | N78: =IF($L78="","",MAX(0,ROUND((TIMEVALUE($J78)-TIMEVALUE($L78))*1440,0))) -> 0 | O78: =IF(OR($K78="",$L78=""),0,ROUND(VLOOKUP($H78,DM_CA_LAM!$A$4:$F$6,6,FALSE())-$M78/60-$N78/60,2)) -> 8 | P78: Đi làm đủ công | Q78: 0 | T78: =$B78&"_"&TEXT($F78,"yyyymmdd") -> NV030_20260605 | U78: =VLOOKUP($P78,DM_TRANG_THAI!$A$4:$B$9,2,FALSE()) -> P
A79: 76 | B79: NV002 | C79: =VLOOKUP($B79,DM_NHAN_VIEN!$B$4:$F$18,2,FALSE()) -> Nguyễn Văn Giám Đốc | D79: =VLOOKUP($B79,DM_NHAN_VIEN!$B$4:$F$18,3,FALSE()) -> Hành chính | E79: =VLOOKUP($B79,DM_NHAN_VIEN!$B$4:$F$18,4,FALSE()) -> Giám đốc | F79: 46179 | G79: =CHOOSE(WEEKDAY(F79,2),"Thứ Hai","Thứ Ba","Thứ Tư","Thứ Năm","Thứ Sáu","Thứ Bảy","Chủ Nhật") -> Thứ Bảy | H79: =VLOOKUP($B79,DM_NHAN_VIEN!$B$4:$F$18,5,FALSE()) -> Ca Hành Chính | I79: =VLOOKUP($H79,DM_CA_LAM!$A$4:$C$6,2,FALSE()) -> 07:30 | J79: =VLOOKUP($H79,DM_CA_LAM!$A$4:$C$6,3,FALSE()) -> 17:30 | K79: 07:20 | L79: 17:35 | M79: =IF($K79="","",MAX(0,ROUND((TIMEVALUE($K79)-TIMEVALUE($I79))*1440,0))) -> 0 | N79: =IF($L79="","",MAX(0,ROUND((TIMEVALUE($J79)-TIMEVALUE($L79))*1440,0))) -> 0 | O79: =IF(OR($K79="",$L79=""),0,ROUND(VLOOKUP($H79,DM_CA_LAM!$A$4:$F$6,6,FALSE())-$M79/60-$N79/60,2)) -> 8 | P79: Đi làm đủ công | Q79: 0 | T79: =$B79&"_"&TEXT($F79,"yyyymmdd") -> NV002_20260606 | U79: =VLOOKUP($P79,DM_TRANG_THAI!$A$4:$B$9,2,FALSE()) -> P
A80: 77 | B80: NV003 | C80: =VLOOKUP($B80,DM_NHAN_VIEN!$B$4:$F$18,2,FALSE()) -> Trần Thị Nhân Sự | D80: =VLOOKUP($B80,DM_NHAN_VIEN!$B$4:$F$18,3,FALSE()) -> Nhân sự | E80: =VLOOKUP($B80,DM_NHAN_VIEN!$B$4:$F$18,4,FALSE()) -> Trưởng phòng | F80: 46179 | G80: =CHOOSE(WEEKDAY(F80,2),"Thứ Hai","Thứ Ba","Thứ Tư","Thứ Năm","Thứ Sáu","Thứ Bảy","Chủ Nhật") -> Thứ Bảy | H80: =VLOOKUP($B80,DM_NHAN_VIEN!$B$4:$F$18,5,FALSE()) -> Ca Hành Chính | I80: =VLOOKUP($H80,DM_CA_LAM!$A$4:$C$6,2,FALSE()) -> 07:30 | J80: =VLOOKUP($H80,DM_CA_LAM!$A$4:$C$6,3,FALSE()) -> 17:30 | K80: 07:24 | L80: 17:40 | M80: =IF($K80="","",MAX(0,ROUND((TIMEVALUE($K80)-TIMEVALUE($I80))*1440,0))) -> 0 | N80: =IF($L80="","",MAX(0,ROUND((TIMEVALUE($J80)-TIMEVALUE($L80))*1440,0))) -> 0 | O80: =IF(OR($K80="",$L80=""),0,ROUND(VLOOKUP($H80,DM_CA_LAM!$A$4:$F$6,6,FALSE())-$M80/60-$N80/60,2)) -> 8 | P80: Đi làm đủ công | Q80: 2.5 | R80: Họp tăng ca sản xuất | T80: =$B80&"_"&TEXT($F80,"yyyymmdd") -> NV003_20260606 | U80: =VLOOKUP($P80,DM_TRANG_THAI!$A$4:$B$9,2,FALSE()) -> P
A81: 78 | B81: NV004 | C81: =VLOOKUP($B81,DM_NHAN_VIEN!$B$4:$F$18,2,FALSE()) -> Lê Văn Quản Đốc | D81: =VLOOKUP($B81,DM_NHAN_VIEN!$B$4:$F$18,3,FALSE()) -> Xưởng sản xuất | E81: =VLOOKUP($B81,DM_NHAN_VIEN!$B$4:$F$18,4,FALSE()) -> Quản đốc | F81: 46179 | G81: =CHOOSE(WEEKDAY(F81,2),"Thứ Hai","Thứ Ba","Thứ Tư","Thứ Năm","Thứ Sáu","Thứ Bảy","Chủ Nhật") -> Thứ Bảy | H81: =VLOOKUP($B81,DM_NHAN_VIEN!$B$4:$F$18,5,FALSE()) -> Ca Hành Chính | I81: =VLOOKUP($H81,DM_CA_LAM!$A$4:$C$6,2,FALSE()) -> 07:30 | J81: =VLOOKUP($H81,DM_CA_LAM!$A$4:$C$6,3,FALSE()) -> 17:30 | M81: =IF($K81="","",MAX(0,ROUND((TIMEVALUE($K81)-TIMEVALUE($I81))*1440,0))) | N81: =IF($L81="","",MAX(0,ROUND((TIMEVALUE($J81)-TIMEVALUE($L81))*1440,0))) | O81: =IF(OR($K81="",$L81=""),0,ROUND(VLOOKUP($H81,DM_CA_LAM!$A$4:$F$6,6,FALSE())-$M81/60-$N81/60,2)) -> 0 | P81: Vắng không lý do | Q81: 0 | S81: Không báo trước | T81: =$B81&"_"&TEXT($F81,"yyyymmdd") -> NV004_20260606 | U81: =VLOOKUP($P81,DM_TRANG_THAI!$A$4:$B$9,2,FALSE()) -> A
A82: 79 | B82: NV005 | C82: =VLOOKUP($B82,DM_NHAN_VIEN!$B$4:$F$18,2,FALSE()) -> Phạm Công Nhân | D82: =VLOOKUP($B82,DM_NHAN_VIEN!$B$4:$F$18,3,FALSE()) -> Xưởng sản xuất | E82: =VLOOKUP($B82,DM_NHAN_VIEN!$B$4:$F$18,4,FALSE()) -> Công nhân | F82: 46179 | G82: =CHOOSE(WEEKDAY(F82,2),"Thứ Hai","Thứ Ba","Thứ Tư","Thứ Năm","Thứ Sáu","Thứ Bảy","Chủ Nhật") -> Thứ Bảy | H82: =VLOOKUP($B82,DM_NHAN_VIEN!$B$4:$F$18,5,FALSE()) -> Ca Hành Chính | I82: =VLOOKUP($H82,DM_CA_LAM!$A$4:$C$6,2,FALSE()) -> 07:30 | J82: =VLOOKUP($H82,DM_CA_LAM!$A$4:$C$6,3,FALSE()) -> 17:30 | K82: 07:20 | L82: 17:32 | M82: =IF($K82="","",MAX(0,ROUND((TIMEVALUE($K82)-TIMEVALUE($I82))*1440,0))) -> 0 | N82: =IF($L82="","",MAX(0,ROUND((TIMEVALUE($J82)-TIMEVALUE($L82))*1440,0))) -> 0 | O82: =IF(OR($K82="",$L82=""),0,ROUND(VLOOKUP($H82,DM_CA_LAM!$A$4:$F$6,6,FALSE())-$M82/60-$N82/60,2)) -> 8 | P82: Đi làm đủ công | Q82: 0 | T82: =$B82&"_"&TEXT($F82,"yyyymmdd") -> NV005_20260606 | U82: =VLOOKUP($P82,DM_TRANG_THAI!$A$4:$B$9,2,FALSE()) -> P
A83: 80 | B83: NV006 | C83: =VLOOKUP($B83,DM_NHAN_VIEN!$B$4:$F$18,2,FALSE()) -> Đỗ Thị Hà | D83: =VLOOKUP($B83,DM_NHAN_VIEN!$B$4:$F$18,3,FALSE()) -> Hành chính | E83: =VLOOKUP($B83,DM_NHAN_VIEN!$B$4:$F$18,4,FALSE()) -> Trưởng phòng | F83: 46179 | G83: =CHOOSE(WEEKDAY(F83,2),"Thứ Hai","Thứ Ba","Thứ Tư","Thứ Năm","Thứ Sáu","Thứ Bảy","Chủ Nhật") -> Thứ Bảy | H83: =VLOOKUP($B83,DM_NHAN_VIEN!$B$4:$F$18,5,FALSE()) -> Ca Hành Chính | I83: =VLOOKUP($H83,DM_CA_LAM!$A$4:$C$6,2,FALSE()) -> 07:30 | J83: =VLOOKUP($H83,DM_CA_LAM!$A$4:$C$6,3,FALSE()) -> 17:30 | K83: 07:22 | L83: 17:39 | M83: =IF($K83="","",MAX(0,ROUND((TIMEVALUE($K83)-TIMEVALUE($I83))*1440,0))) -> 0 | N83: =IF($L83="","",MAX(0,ROUND((TIMEVALUE($J83)-TIMEVALUE($L83))*1440,0))) -> 0 | O83: =IF(OR($K83="",$L83=""),0,ROUND(VLOOKUP($H83,DM_CA_LAM!$A$4:$F$6,6,FALSE())-$M83/60-$N83/60,2)) -> 8 | P83: Đi làm đủ công | Q83: 0 | T83: =$B83&"_"&TEXT($F83,"yyyymmdd") -> NV006_20260606 | U83: =VLOOKUP($P83,DM_TRANG_THAI!$A$4:$B$9,2,FALSE()) -> P
A84: 81 | B84: NV007 | C84: =VLOOKUP($B84,DM_NHAN_VIEN!$B$4:$F$18,2,FALSE()) -> Ngô Văn Tài | D84: =VLOOKUP($B84,DM_NHAN_VIEN!$B$4:$F$18,3,FALSE()) -> Hành chính | E84: =VLOOKUP($B84,DM_NHAN_VIEN!$B$4:$F$18,4,FALSE()) -> Phó phòng | F84: 46179 | G84: =CHOOSE(WEEKDAY(F84,2),"Thứ Hai","Thứ Ba","Thứ Tư","Thứ Năm","Thứ Sáu","Thứ Bảy","Chủ Nhật") -> Thứ Bảy | H84: =VLOOKUP($B84,DM_NHAN_VIEN!$B$4:$F$18,5,FALSE()) -> Ca Hành Chính | I84: =VLOOKUP($H84,DM_CA_LAM!$A$4:$C$6,2,FALSE()) -> 07:30 | J84: =VLOOKUP($H84,DM_CA_LAM!$A$4:$C$6,3,FALSE()) -> 17:30 | K84: 07:27 | L84: 17:30 | M84: =IF($K84="","",MAX(0,ROUND((TIMEVALUE($K84)-TIMEVALUE($I84))*1440,0))) -> 0 | N84: =IF($L84="","",MAX(0,ROUND((TIMEVALUE($J84)-TIMEVALUE($L84))*1440,0))) -> 0 | O84: =IF(OR($K84="",$L84=""),0,ROUND(VLOOKUP($H84,DM_CA_LAM!$A$4:$F$6,6,FALSE())-$M84/60-$N84/60,2)) -> 8 | P84: Đi làm đủ công | Q84: 0 | T84: =$B84&"_"&TEXT($F84,"yyyymmdd") -> NV007_20260606 | U84: =VLOOKUP($P84,DM_TRANG_THAI!$A$4:$B$9,2,FALSE()) -> P
A85: 82 | B85: NV008 | C85: =VLOOKUP($B85,DM_NHAN_VIEN!$B$4:$F$18,2,FALSE()) -> Vũ Thị Nga | D85: =VLOOKUP($B85,DM_NHAN_VIEN!$B$4:$F$18,3,FALSE()) -> Hành chính | E85: =VLOOKUP($B85,DM_NHAN_VIEN!$B$4:$F$18,4,FALSE()) -> Chuyên viên | F85: 46179 | G85: =CHOOSE(WEEKDAY(F85,2),"Thứ Hai","Thứ Ba","Thứ Tư","Thứ Năm","Thứ Sáu","Thứ Bảy","Chủ Nhật") -> Thứ Bảy | H85: =VLOOKUP($B85,DM_NHAN_VIEN!$B$4:$F$18,5,FALSE()) -> Ca Hành Chính | I85: =VLOOKUP($H85,DM_CA_LAM!$A$4:$C$6,2,FALSE()) -> 07:30 | J85: =VLOOKUP($H85,DM_CA_LAM!$A$4:$C$6,3,FALSE()) -> 17:30 | K85: 07:25 | L85: 17:35 | M85: =IF($K85="","",MAX(0,ROUND((TIMEVALUE($K85)-TIMEVALUE($I85))*1440,0))) -> 0 | N85: =IF($L85="","",MAX(0,ROUND((TIMEVALUE($J85)-TIMEVALUE($L85))*1440,0))) -> 0 | O85: =IF(OR($K85="",$L85=""),0,ROUND(VLOOKUP($H85,DM_CA_LAM!$A$4:$F$6,6,FALSE())-$M85/60-$N85/60,2)) -> 8 | P85: Đi làm đủ công | Q85: 0 | T85: =$B85&"_"&TEXT($F85,"yyyymmdd") -> NV008_20260606 | U85: =VLOOKUP($P85,DM_TRANG_THAI!$A$4:$B$9,2,FALSE()) -> P
A86: 83 | B86: NV010 | C86: =VLOOKUP($B86,DM_NHAN_VIEN!$B$4:$F$18,2,FALSE()) -> Đặng Thị Hồng | D86: =VLOOKUP($B86,DM_NHAN_VIEN!$B$4:$F$18,3,FALSE()) -> Nhân sự | E86: =VLOOKUP($B86,DM_NHAN_VIEN!$B$4:$F$18,4,FALSE()) -> Chuyên viên | F86: 46179 | G86: =CHOOSE(WEEKDAY(F86,2),"Thứ Hai","Thứ Ba","Thứ Tư","Thứ Năm","Thứ Sáu","Thứ Bảy","Chủ Nhật") -> Thứ Bảy | H86: =VLOOKUP($B86,DM_NHAN_VIEN!$B$4:$F$18,5,FALSE()) -> Ca Hành Chính | I86: =VLOOKUP($H86,DM_CA_LAM!$A$4:$C$6,2,FALSE()) -> 07:30 | J86: =VLOOKUP($H86,DM_CA_LAM!$A$4:$C$6,3,FALSE()) -> 17:30 | K86: 07:23 | L86: 17:36 | M86: =IF($K86="","",MAX(0,ROUND((TIMEVALUE($K86)-TIMEVALUE($I86))*1440,0))) -> 0 | N86: =IF($L86="","",MAX(0,ROUND((TIMEVALUE($J86)-TIMEVALUE($L86))*1440,0))) -> 0 | O86: =IF(OR($K86="",$L86=""),0,ROUND(VLOOKUP($H86,DM_CA_LAM!$A$4:$F$6,6,FALSE())-$M86/60-$N86/60,2)) -> 8 | P86: Đi làm đủ công | Q86: 0 | T86: =$B86&"_"&TEXT($F86,"yyyymmdd") -> NV010_20260606 | U86: =VLOOKUP($P86,DM_TRANG_THAI!$A$4:$B$9,2,FALSE()) -> P
A87: 84 | B87: NV011 | C87: =VLOOKUP($B87,DM_NHAN_VIEN!$B$4:$F$18,2,FALSE()) -> Chu Văn Minh | D87: =VLOOKUP($B87,DM_NHAN_VIEN!$B$4:$F$18,3,FALSE()) -> Nhân sự | E87: =VLOOKUP($B87,DM_NHAN_VIEN!$B$4:$F$18,4,FALSE()) -> Chuyên viên | F87: 46179 | G87: =CHOOSE(WEEKDAY(F87,2),"Thứ Hai","Thứ Ba","Thứ Tư","Thứ Năm","Thứ Sáu","Thứ Bảy","Chủ Nhật") -> Thứ Bảy | H87: =VLOOKUP($B87,DM_NHAN_VIEN!$B$4:$F$18,5,FALSE()) -> Ca Hành Chính | I87: =VLOOKUP($H87,DM_CA_LAM!$A$4:$C$6,2,FALSE()) -> 07:30 | J87: =VLOOKUP($H87,DM_CA_LAM!$A$4:$C$6,3,FALSE()) -> 17:30 | K87: 07:24 | L87: 17:30 | M87: =IF($K87="","",MAX(0,ROUND((TIMEVALUE($K87)-TIMEVALUE($I87))*1440,0))) -> 0 | N87: =IF($L87="","",MAX(0,ROUND((TIMEVALUE($J87)-TIMEVALUE($L87))*1440,0))) -> 0 | O87: =IF(OR($K87="",$L87=""),0,ROUND(VLOOKUP($H87,DM_CA_LAM!$A$4:$F$6,6,FALSE())-$M87/60-$N87/60,2)) -> 8 | P87: Đi làm đủ công | Q87: 0 | T87: =$B87&"_"&TEXT($F87,"yyyymmdd") -> NV011_20260606 | U87: =VLOOKUP($P87,DM_TRANG_THAI!$A$4:$B$9,2,FALSE()) -> P
A88: 85 | B88: NV014 | C88: =VLOOKUP($B88,DM_NHAN_VIEN!$B$4:$F$18,2,FALSE()) -> Phan Thị Khánh | D88: =VLOOKUP($B88,DM_NHAN_VIEN!$B$4:$F$18,3,FALSE()) -> Kế toán | E88: =VLOOKUP($B88,DM_NHAN_VIEN!$B$4:$F$18,4,FALSE()) -> Trưởng phòng | F88: 46179 | G88: =CHOOSE(WEEKDAY(F88,2),"Thứ Hai","Thứ Ba","Thứ Tư","Thứ Năm","Thứ Sáu","Thứ Bảy","Chủ Nhật") -> Thứ Bảy | H88: =VLOOKUP($B88,DM_NHAN_VIEN!$B$4:$F$18,5,FALSE()) -> Ca Hành Chính | I88: =VLOOKUP($H88,DM_CA_LAM!$A$4:$C$6,2,FALSE()) -> 07:30 | J88: =VLOOKUP($H88,DM_CA_LAM!$A$4:$C$6,3,FALSE()) -> 17:30 | K88: 07:20 | L88: 17:31 | M88: =IF($K88="","",MAX(0,ROUND((TIMEVALUE($K88)-TIMEVALUE($I88))*1440,0))) -> 0 | N88: =IF($L88="","",MAX(0,ROUND((TIMEVALUE($J88)-TIMEVALUE($L88))*1440,0))) -> 0 | O88: =IF(OR($K88="",$L88=""),0,ROUND(VLOOKUP($H88,DM_CA_LAM!$A$4:$F$6,6,FALSE())-$M88/60-$N88/60,2)) -> 8 | P88: Đi làm đủ công | Q88: 0 | T88: =$B88&"_"&TEXT($F88,"yyyymmdd") -> NV014_20260606 | U88: =VLOOKUP($P88,DM_TRANG_THAI!$A$4:$B$9,2,FALSE()) -> P
A89: 86 | B89: NV015 | C89: =VLOOKUP($B89,DM_NHAN_VIEN!$B$4:$F$18,2,FALSE()) -> Trịnh Văn Hùng | D89: =VLOOKUP($B89,DM_NHAN_VIEN!$B$4:$F$18,3,FALSE()) -> Kế toán | E89: =VLOOKUP($B89,DM_NHAN_VIEN!$B$4:$F$18,4,FALSE()) -> Phó phòng | F89: 46179 | G89: =CHOOSE(WEEKDAY(F89,2),"Thứ Hai","Thứ Ba","Thứ Tư","Thứ Năm","Thứ Sáu","Thứ Bảy","Chủ Nhật") -> Thứ Bảy | H89: =VLOOKUP($B89,DM_NHAN_VIEN!$B$4:$F$18,5,FALSE()) -> Ca Hành Chính | I89: =VLOOKUP($H89,DM_CA_LAM!$A$4:$C$6,2,FALSE()) -> 07:30 | J89: =VLOOKUP($H89,DM_CA_LAM!$A$4:$C$6,3,FALSE()) -> 17:30 | K89: 07:21 | L89: 17:44 | M89: =IF($K89="","",MAX(0,ROUND((TIMEVALUE($K89)-TIMEVALUE($I89))*1440,0))) -> 0 | N89: =IF($L89="","",MAX(0,ROUND((TIMEVALUE($J89)-TIMEVALUE($L89))*1440,0))) -> 0 | O89: =IF(OR($K89="",$L89=""),0,ROUND(VLOOKUP($H89,DM_CA_LAM!$A$4:$F$6,6,FALSE())-$M89/60-$N89/60,2)) -> 8 | P89: Đi làm đủ công | Q89: 0 | T89: =$B89&"_"&TEXT($F89,"yyyymmdd") -> NV015_20260606 | U89: =VLOOKUP($P89,DM_TRANG_THAI!$A$4:$B$9,2,FALSE()) -> P
A90: 87 | B90: NV019 | C90: =VLOOKUP($B90,DM_NHAN_VIEN!$B$4:$F$18,2,FALSE()) -> Hoàng Văn Lộc | D90: =VLOOKUP($B90,DM_NHAN_VIEN!$B$4:$F$18,3,FALSE()) -> Kinh doanh | E90: =VLOOKUP($B90,DM_NHAN_VIEN!$B$4:$F$18,4,FALSE()) -> Trưởng phòng | F90: 46179 | G90: =CHOOSE(WEEKDAY(F90,2),"Thứ Hai","Thứ Ba","Thứ Tư","Thứ Năm","Thứ Sáu","Thứ Bảy","Chủ Nhật") -> Thứ Bảy | H90: =VLOOKUP($B90,DM_NHAN_VIEN!$B$4:$F$18,5,FALSE()) -> Ca Hành Chính | I90: =VLOOKUP($H90,DM_CA_LAM!$A$4:$C$6,2,FALSE()) -> 07:30 | J90: =VLOOKUP($H90,DM_CA_LAM!$A$4:$C$6,3,FALSE()) -> 17:30 | K90: 07:27 | L90: 17:30 | M90: =IF($K90="","",MAX(0,ROUND((TIMEVALUE($K90)-TIMEVALUE($I90))*1440,0))) -> 0 | N90: =IF($L90="","",MAX(0,ROUND((TIMEVALUE($J90)-TIMEVALUE($L90))*1440,0))) -> 0 | O90: =IF(OR($K90="",$L90=""),0,ROUND(VLOOKUP($H90,DM_CA_LAM!$A$4:$F$6,6,FALSE())-$M90/60-$N90/60,2)) -> 8 | P90: Đi làm đủ công | Q90: 2.5 | R90: Khách hàng yêu cầu gấp | T90: =$B90&"_"&TEXT($F90,"yyyymmdd") -> NV019_20260606 | U90: =VLOOKUP($P90,DM_TRANG_THAI!$A$4:$B$9,2,FALSE()) -> P
A91: 88 | B91: NV021 | C91: =VLOOKUP($B91,DM_NHAN_VIEN!$B$4:$F$18,2,FALSE()) -> Nguyễn Văn Phú | D91: =VLOOKUP($B91,DM_NHAN_VIEN!$B$4:$F$18,3,FALSE()) -> Kinh doanh | E91: =VLOOKUP($B91,DM_NHAN_VIEN!$B$4:$F$18,4,FALSE()) -> Nhân viên | F91: 46179 | G91: =CHOOSE(WEEKDAY(F91,2),"Thứ Hai","Thứ Ba","Thứ Tư","Thứ Năm","Thứ Sáu","Thứ Bảy","Chủ Nhật") -> Thứ Bảy | H91: =VLOOKUP($B91,DM_NHAN_VIEN!$B$4:$F$18,5,FALSE()) -> Ca Hành Chính | I91: =VLOOKUP($H91,DM_CA_LAM!$A$4:$C$6,2,FALSE()) -> 07:30 | J91: =VLOOKUP($H91,DM_CA_LAM!$A$4:$C$6,3,FALSE()) -> 17:30 | K91: 07:26 | L91: 17:33 | M91: =IF($K91="","",MAX(0,ROUND((TIMEVALUE($K91)-TIMEVALUE($I91))*1440,0))) -> 0 | N91: =IF($L91="","",MAX(0,ROUND((TIMEVALUE($J91)-TIMEVALUE($L91))*1440,0))) -> 0 | O91: =IF(OR($K91="",$L91=""),0,ROUND(VLOOKUP($H91,DM_CA_LAM!$A$4:$F$6,6,FALSE())-$M91/60-$N91/60,2)) -> 8 | P91: Đi làm đủ công | Q91: 0 | T91: =$B91&"_"&TEXT($F91,"yyyymmdd") -> NV021_20260606 | U91: =VLOOKUP($P91,DM_TRANG_THAI!$A$4:$B$9,2,FALSE()) -> P
A92: 89 | B92: NV029 | C92: =VLOOKUP($B92,DM_NHAN_VIEN!$B$4:$F$18,2,FALSE()) -> Lý Văn Dũng | D92: =VLOOKUP($B92,DM_NHAN_VIEN!$B$4:$F$18,3,FALSE()) -> Xưởng sản xuất | E92: =VLOOKUP($B92,DM_NHAN_VIEN!$B$4:$F$18,4,FALSE()) -> Tổ trưởng | F92: 46179 | G92: =CHOOSE(WEEKDAY(F92,2),"Thứ Hai","Thứ Ba","Thứ Tư","Thứ Năm","Thứ Sáu","Thứ Bảy","Chủ Nhật") -> Thứ Bảy | H92: =VLOOKUP($B92,DM_NHAN_VIEN!$B$4:$F$18,5,FALSE()) -> Ca Hành Chính | I92: =VLOOKUP($H92,DM_CA_LAM!$A$4:$C$6,2,FALSE()) -> 07:30 | J92: =VLOOKUP($H92,DM_CA_LAM!$A$4:$C$6,3,FALSE()) -> 17:30 | K92: 07:27 | L92: 17:35 | M92: =IF($K92="","",MAX(0,ROUND((TIMEVALUE($K92)-TIMEVALUE($I92))*1440,0))) -> 0 | N92: =IF($L92="","",MAX(0,ROUND((TIMEVALUE($J92)-TIMEVALUE($L92))*1440,0))) -> 0 | O92: =IF(OR($K92="",$L92=""),0,ROUND(VLOOKUP($H92,DM_CA_LAM!$A$4:$F$6,6,FALSE())-$M92/60-$N92/60,2)) -> 8 | P92: Đi làm đủ công | Q92: 0 | T92: =$B92&"_"&TEXT($F92,"yyyymmdd") -> NV029_20260606 | U92: =VLOOKUP($P92,DM_TRANG_THAI!$A$4:$B$9,2,FALSE()) -> P
A93: 90 | B93: NV030 | C93: =VLOOKUP($B93,DM_NHAN_VIEN!$B$4:$F$18,2,FALSE()) -> Tống Văn Thắng | D93: =VLOOKUP($B93,DM_NHAN_VIEN!$B$4:$F$18,3,FALSE()) -> Xưởng sản xuất | E93: =VLOOKUP($B93,DM_NHAN_VIEN!$B$4:$F$18,4,FALSE()) -> Tổ trưởng | F93: 46179 | G93: =CHOOSE(WEEKDAY(F93,2),"Thứ Hai","Thứ Ba","Thứ Tư","Thứ Năm","Thứ Sáu","Thứ Bảy","Chủ Nhật") -> Thứ Bảy | H93: =VLOOKUP($B93,DM_NHAN_VIEN!$B$4:$F$18,5,FALSE()) -> Ca Hành Chính | I93: =VLOOKUP($H93,DM_CA_LAM!$A$4:$C$6,2,FALSE()) -> 07:30 | J93: =VLOOKUP($H93,DM_CA_LAM!$A$4:$C$6,3,FALSE()) -> 17:30 | K93: 07:26 | L93: 17:32 | M93: =IF($K93="","",MAX(0,ROUND((TIMEVALUE($K93)-TIMEVALUE($I93))*1440,0))) -> 0 | N93: =IF($L93="","",MAX(0,ROUND((TIMEVALUE($J93)-TIMEVALUE($L93))*1440,0))) -> 0 | O93: =IF(OR($K93="",$L93=""),0,ROUND(VLOOKUP($H93,DM_CA_LAM!$A$4:$F$6,6,FALSE())-$M93/60-$N93/60,2)) -> 8 | P93: Đi làm đủ công | Q93: 0 | T93: =$B93&"_"&TEXT($F93,"yyyymmdd") -> NV030_20260606 | U93: =VLOOKUP($P93,DM_TRANG_THAI!$A$4:$B$9,2,FALSE()) -> P
A94: 91 | B94: NV002 | C94: =VLOOKUP($B94,DM_NHAN_VIEN!$B$4:$F$18,2,FALSE()) -> Nguyễn Văn Giám Đốc | D94: =VLOOKUP($B94,DM_NHAN_VIEN!$B$4:$F$18,3,FALSE()) -> Hành chính | E94: =VLOOKUP($B94,DM_NHAN_VIEN!$B$4:$F$18,4,FALSE()) -> Giám đốc | F94: 46181 | G94: =CHOOSE(WEEKDAY(F94,2),"Thứ Hai","Thứ Ba","Thứ Tư","Thứ Năm","Thứ Sáu","Thứ Bảy","Chủ Nhật") -> Thứ Hai | H94: =VLOOKUP($B94,DM_NHAN_VIEN!$B$4:$F$18,5,FALSE()) -> Ca Hành Chính | I94: =VLOOKUP($H94,DM_CA_LAM!$A$4:$C$6,2,FALSE()) -> 07:30 | J94: =VLOOKUP($H94,DM_CA_LAM!$A$4:$C$6,3,FALSE()) -> 17:30 | K94: 07:22 | L94: 17:36 | M94: =IF($K94="","",MAX(0,ROUND((TIMEVALUE($K94)-TIMEVALUE($I94))*1440,0))) -> 0 | N94: =IF($L94="","",MAX(0,ROUND((TIMEVALUE($J94)-TIMEVALUE($L94))*1440,0))) -> 0 | O94: =IF(OR($K94="",$L94=""),0,ROUND(VLOOKUP($H94,DM_CA_LAM!$A$4:$F$6,6,FALSE())-$M94/60-$N94/60,2)) -> 8 | P94: Đi làm đủ công | Q94: 0 | T94: =$B94&"_"&TEXT($F94,"yyyymmdd") -> NV002_20260608 | U94: =VLOOKUP($P94,DM_TRANG_THAI!$A$4:$B$9,2,FALSE()) -> P
A95: 92 | B95: NV003 | C95: =VLOOKUP($B95,DM_NHAN_VIEN!$B$4:$F$18,2,FALSE()) -> Trần Thị Nhân Sự | D95: =VLOOKUP($B95,DM_NHAN_VIEN!$B$4:$F$18,3,FALSE()) -> Nhân sự | E95: =VLOOKUP($B95,DM_NHAN_VIEN!$B$4:$F$18,4,FALSE()) -> Trưởng phòng | F95: 46181 | G95: =CHOOSE(WEEKDAY(F95,2),"Thứ Hai","Thứ Ba","Thứ Tư","Thứ Năm","Thứ Sáu","Thứ Bảy","Chủ Nhật") -> Thứ Hai | H95: =VLOOKUP($B95,DM_NHAN_VIEN!$B$4:$F$18,5,FALSE()) -> Ca Hành Chính | I95: =VLOOKUP($H95,DM_CA_LAM!$A$4:$C$6,2,FALSE()) -> 07:30 | J95: =VLOOKUP($H95,DM_CA_LAM!$A$4:$C$6,3,FALSE()) -> 17:30 | K95: 07:24 | L95: 17:35 | M95: =IF($K95="","",MAX(0,ROUND((TIMEVALUE($K95)-TIMEVALUE($I95))*1440,0))) -> 0 | N95: =IF($L95="","",MAX(0,ROUND((TIMEVALUE($J95)-TIMEVALUE($L95))*1440,0))) -> 0 | O95: =IF(OR($K95="",$L95=""),0,ROUND(VLOOKUP($H95,DM_CA_LAM!$A$4:$F$6,6,FALSE())-$M95/60-$N95/60,2)) -> 8 | P95: Đi làm đủ công | Q95: 0 | T95: =$B95&"_"&TEXT($F95,"yyyymmdd") -> NV003_20260608 | U95: =VLOOKUP($P95,DM_TRANG_THAI!$A$4:$B$9,2,FALSE()) -> P
A96: 93 | B96: NV004 | C96: =VLOOKUP($B96,DM_NHAN_VIEN!$B$4:$F$18,2,FALSE()) -> Lê Văn Quản Đốc | D96: =VLOOKUP($B96,DM_NHAN_VIEN!$B$4:$F$18,3,FALSE()) -> Xưởng sản xuất | E96: =VLOOKUP($B96,DM_NHAN_VIEN!$B$4:$F$18,4,FALSE()) -> Quản đốc | F96: 46181 | G96: =CHOOSE(WEEKDAY(F96,2),"Thứ Hai","Thứ Ba","Thứ Tư","Thứ Năm","Thứ Sáu","Thứ Bảy","Chủ Nhật") -> Thứ Hai | H96: =VLOOKUP($B96,DM_NHAN_VIEN!$B$4:$F$18,5,FALSE()) -> Ca Hành Chính | I96: =VLOOKUP($H96,DM_CA_LAM!$A$4:$C$6,2,FALSE()) -> 07:30 | J96: =VLOOKUP($H96,DM_CA_LAM!$A$4:$C$6,3,FALSE()) -> 17:30 | K96: 07:27 | L96: 17:45 | M96: =IF($K96="","",MAX(0,ROUND((TIMEVALUE($K96)-TIMEVALUE($I96))*1440,0))) -> 0 | N96: =IF($L96="","",MAX(0,ROUND((TIMEVALUE($J96)-TIMEVALUE($L96))*1440,0))) -> 0 | O96: =IF(OR($K96="",$L96=""),0,ROUND(VLOOKUP($H96,DM_CA_LAM!$A$4:$F$6,6,FALSE())-$M96/60-$N96/60,2)) -> 8 | P96: Đi làm đủ công | Q96: 0 | T96: =$B96&"_"&TEXT($F96,"yyyymmdd") -> NV004_20260608 | U96: =VLOOKUP($P96,DM_TRANG_THAI!$A$4:$B$9,2,FALSE()) -> P
A97: 94 | B97: NV005 | C97: =VLOOKUP($B97,DM_NHAN_VIEN!$B$4:$F$18,2,FALSE()) -> Phạm Công Nhân | D97: =VLOOKUP($B97,DM_NHAN_VIEN!$B$4:$F$18,3,FALSE()) -> Xưởng sản xuất | E97: =VLOOKUP($B97,DM_NHAN_VIEN!$B$4:$F$18,4,FALSE()) -> Công nhân | F97: 46181 | G97: =CHOOSE(WEEKDAY(F97,2),"Thứ Hai","Thứ Ba","Thứ Tư","Thứ Năm","Thứ Sáu","Thứ Bảy","Chủ Nhật") -> Thứ Hai | H97: =VLOOKUP($B97,DM_NHAN_VIEN!$B$4:$F$18,5,FALSE()) -> Ca Hành Chính | I97: =VLOOKUP($H97,DM_CA_LAM!$A$4:$C$6,2,FALSE()) -> 07:30 | J97: =VLOOKUP($H97,DM_CA_LAM!$A$4:$C$6,3,FALSE()) -> 17:30 | K97: 07:36 | L97: 17:30 | M97: =IF($K97="","",MAX(0,ROUND((TIMEVALUE($K97)-TIMEVALUE($I97))*1440,0))) -> 6 | N97: =IF($L97="","",MAX(0,ROUND((TIMEVALUE($J97)-TIMEVALUE($L97))*1440,0))) -> 0 | O97: =IF(OR($K97="",$L97=""),0,ROUND(VLOOKUP($H97,DM_CA_LAM!$A$4:$F$6,6,FALSE())-$M97/60-$N97/60,2)) -> 7.9 | P97: Đi muộn | Q97: 0 | S97: Họng xe giữa đường | T97: =$B97&"_"&TEXT($F97,"yyyymmdd") -> NV005_20260608 | U97: =VLOOKUP($P97,DM_TRANG_THAI!$A$4:$B$9,2,FALSE()) -> L
A98: 95 | B98: NV006 | C98: =VLOOKUP($B98,DM_NHAN_VIEN!$B$4:$F$18,2,FALSE()) -> Đỗ Thị Hà | D98: =VLOOKUP($B98,DM_NHAN_VIEN!$B$4:$F$18,3,FALSE()) -> Hành chính | E98: =VLOOKUP($B98,DM_NHAN_VIEN!$B$4:$F$18,4,FALSE()) -> Trưởng phòng | F98: 46181 | G98: =CHOOSE(WEEKDAY(F98,2),"Thứ Hai","Thứ Ba","Thứ Tư","Thứ Năm","Thứ Sáu","Thứ Bảy","Chủ Nhật") -> Thứ Hai | H98: =VLOOKUP($B98,DM_NHAN_VIEN!$B$4:$F$18,5,FALSE()) -> Ca Hành Chính | I98: =VLOOKUP($H98,DM_CA_LAM!$A$4:$C$6,2,FALSE()) -> 07:30 | J98: =VLOOKUP($H98,DM_CA_LAM!$A$4:$C$6,3,FALSE()) -> 17:30 | K98: 07:44 | L98: 17:34 | M98: =IF($K98="","",MAX(0,ROUND((TIMEVALUE($K98)-TIMEVALUE($I98))*1440,0))) -> 14 | N98: =IF($L98="","",MAX(0,ROUND((TIMEVALUE($J98)-TIMEVALUE($L98))*1440,0))) -> 0 | O98: =IF(OR($K98="",$L98=""),0,ROUND(VLOOKUP($H98,DM_CA_LAM!$A$4:$F$6,6,FALSE())-$M98/60-$N98/60,2)) -> 7.77 | P98: Đi muộn | Q98: 0 | S98: Bễ con ốm đậa đi khám | T98: =$B98&"_"&TEXT($F98,"yyyymmdd") -> NV006_20260608 | U98: =VLOOKUP($P98,DM_TRANG_THAI!$A$4:$B$9,2,FALSE()) -> L
A99: 96 | B99: NV007 | C99: =VLOOKUP($B99,DM_NHAN_VIEN!$B$4:$F$18,2,FALSE()) -> Ngô Văn Tài | D99: =VLOOKUP($B99,DM_NHAN_VIEN!$B$4:$F$18,3,FALSE()) -> Hành chính | E99: =VLOOKUP($B99,DM_NHAN_VIEN!$B$4:$F$18,4,FALSE()) -> Phó phòng | F99: 46181 | G99: =CHOOSE(WEEKDAY(F99,2),"Thứ Hai","Thứ Ba","Thứ Tư","Thứ Năm","Thứ Sáu","Thứ Bảy","Chủ Nhật") -> Thứ Hai | H99: =VLOOKUP($B99,DM_NHAN_VIEN!$B$4:$F$18,5,FALSE()) -> Ca Hành Chính | I99: =VLOOKUP($H99,DM_CA_LAM!$A$4:$C$6,2,FALSE()) -> 07:30 | J99: =VLOOKUP($H99,DM_CA_LAM!$A$4:$C$6,3,FALSE()) -> 17:30 | K99: 07:26 | L99: 17:35 | M99: =IF($K99="","",MAX(0,ROUND((TIMEVALUE($K99)-TIMEVALUE($I99))*1440,0))) -> 0 | N99: =IF($L99="","",MAX(0,ROUND((TIMEVALUE($J99)-TIMEVALUE($L99))*1440,0))) -> 0 | O99: =IF(OR($K99="",$L99=""),0,ROUND(VLOOKUP($H99,DM_CA_LAM!$A$4:$F$6,6,FALSE())-$M99/60-$N99/60,2)) -> 8 | P99: Đi làm đủ công | Q99: 0 | T99: =$B99&"_"&TEXT($F99,"yyyymmdd") -> NV007_20260608 | U99: =VLOOKUP($P99,DM_TRANG_THAI!$A$4:$B$9,2,FALSE()) -> P
A100: 97 | B100: NV008 | C100: =VLOOKUP($B100,DM_NHAN_VIEN!$B$4:$F$18,2,FALSE()) -> Vũ Thị Nga | D100: =VLOOKUP($B100,DM_NHAN_VIEN!$B$4:$F$18,3,FALSE()) -> Hành chính | E100: =VLOOKUP($B100,DM_NHAN_VIEN!$B$4:$F$18,4,FALSE()) -> Chuyên viên | F100: 46181 | G100: =CHOOSE(WEEKDAY(F100,2),"Thứ Hai","Thứ Ba","Thứ Tư","Thứ Năm","Thứ Sáu","Thứ Bảy","Chủ Nhật") -> Thứ Hai | H100: =VLOOKUP($B100,DM_NHAN_VIEN!$B$4:$F$18,5,FALSE()) -> Ca Hành Chính | I100: =VLOOKUP($H100,DM_CA_LAM!$A$4:$C$6,2,FALSE()) -> 07:30 | J100: =VLOOKUP($H100,DM_CA_LAM!$A$4:$C$6,3,FALSE()) -> 17:30 | K100: 07:24 | L100: 17:40 | M100: =IF($K100="","",MAX(0,ROUND((TIMEVALUE($K100)-TIMEVALUE($I100))*1440,0))) -> 0 | N100: =IF($L100="","",MAX(0,ROUND((TIMEVALUE($J100)-TIMEVALUE($L100))*1440,0))) -> 0 | O100: =IF(OR($K100="",$L100=""),0,ROUND(VLOOKUP($H100,DM_CA_LAM!$A$4:$F$6,6,FALSE())-$M100/60-$N100/60,2)) -> 8 | P100: Đi làm đủ công | Q100: 0 | T100: =$B100&"_"&TEXT($F100,"yyyymmdd") -> NV008_20260608 | U100: =VLOOKUP($P100,DM_TRANG_THAI!$A$4:$B$9,2,FALSE()) -> P
A101: 98 | B101: NV010 | C101: =VLOOKUP($B101,DM_NHAN_VIEN!$B$4:$F$18,2,FALSE()) -> Đặng Thị Hồng | D101: =VLOOKUP($B101,DM_NHAN_VIEN!$B$4:$F$18,3,FALSE()) -> Nhân sự | E101: =VLOOKUP($B101,DM_NHAN_VIEN!$B$4:$F$18,4,FALSE()) -> Chuyên viên | F101: 46181 | G101: =CHOOSE(WEEKDAY(F101,2),"Thứ Hai","Thứ Ba","Thứ Tư","Thứ Năm","Thứ Sáu","Thứ Bảy","Chủ Nhật") -> Thứ Hai | H101: =VLOOKUP($B101,DM_NHAN_VIEN!$B$4:$F$18,5,FALSE()) -> Ca Hành Chính | I101: =VLOOKUP($H101,DM_CA_LAM!$A$4:$C$6,2,FALSE()) -> 07:30 | J101: =VLOOKUP($H101,DM_CA_LAM!$A$4:$C$6,3,FALSE()) -> 17:30 | K101: 07:23 | L101: 17:35 | M101: =IF($K101="","",MAX(0,ROUND((TIMEVALUE($K101)-TIMEVALUE($I101))*1440,0))) -> 0 | N101: =IF($L101="","",MAX(0,ROUND((TIMEVALUE($J101)-TIMEVALUE($L101))*1440,0))) -> 0 | O101: =IF(OR($K101="",$L101=""),0,ROUND(VLOOKUP($H101,DM_CA_LAM!$A$4:$F$6,6,FALSE())-$M101/60-$N101/60,2)) -> 8 | P101: Đi làm đủ công | Q101: 0 | T101: =$B101&"_"&TEXT($F101,"yyyymmdd") -> NV010_20260608 | U101: =VLOOKUP($P101,DM_TRANG_THAI!$A$4:$B$9,2,FALSE()) -> P
A102: 99 | B102: NV011 | C102: =VLOOKUP($B102,DM_NHAN_VIEN!$B$4:$F$18,2,FALSE()) -> Chu Văn Minh | D102: =VLOOKUP($B102,DM_NHAN_VIEN!$B$4:$F$18,3,FALSE()) -> Nhân sự | E102: =VLOOKUP($B102,DM_NHAN_VIEN!$B$4:$F$18,4,FALSE()) -> Chuyên viên | F102: 46181 | G102: =CHOOSE(WEEKDAY(F102,2),"Thứ Hai","Thứ Ba","Thứ Tư","Thứ Năm","Thứ Sáu","Thứ Bảy","Chủ Nhật") -> Thứ Hai | H102: =VLOOKUP($B102,DM_NHAN_VIEN!$B$4:$F$18,5,FALSE()) -> Ca Hành Chính | I102: =VLOOKUP($H102,DM_CA_LAM!$A$4:$C$6,2,FALSE()) -> 07:30 | J102: =VLOOKUP($H102,DM_CA_LAM!$A$4:$C$6,3,FALSE()) -> 17:30 | K102: 07:21 | L102: 17:44 | M102: =IF($K102="","",MAX(0,ROUND((TIMEVALUE($K102)-TIMEVALUE($I102))*1440,0))) -> 0 | N102: =IF($L102="","",MAX(0,ROUND((TIMEVALUE($J102)-TIMEVALUE($L102))*1440,0))) -> 0 | O102: =IF(OR($K102="",$L102=""),0,ROUND(VLOOKUP($H102,DM_CA_LAM!$A$4:$F$6,6,FALSE())-$M102/60-$N102/60,2)) -> 8 | P102: Đi làm đủ công | Q102: 0 | T102: =$B102&"_"&TEXT($F102,"yyyymmdd") -> NV011_20260608 | U102: =VLOOKUP($P102,DM_TRANG_THAI!$A$4:$B$9,2,FALSE()) -> P
A103: 100 | B103: NV014 | C103: =VLOOKUP($B103,DM_NHAN_VIEN!$B$4:$F$18,2,FALSE()) -> Phan Thị Khánh | D103: =VLOOKUP($B103,DM_NHAN_VIEN!$B$4:$F$18,3,FALSE()) -> Kế toán | E103: =VLOOKUP($B103,DM_NHAN_VIEN!$B$4:$F$18,4,FALSE()) -> Trưởng phòng | F103: 46181 | G103: =CHOOSE(WEEKDAY(F103,2),"Thứ Hai","Thứ Ba","Thứ Tư","Thứ Năm","Thứ Sáu","Thứ Bảy","Chủ Nhật") -> Thứ Hai | H103: =VLOOKUP($B103,DM_NHAN_VIEN!$B$4:$F$18,5,FALSE()) -> Ca Hành Chính | I103: =VLOOKUP($H103,DM_CA_LAM!$A$4:$C$6,2,FALSE()) -> 07:30 | J103: =VLOOKUP($H103,DM_CA_LAM!$A$4:$C$6,3,FALSE()) -> 17:30 | K103: 07:25 | L103: 17:41 | M103: =IF($K103="","",MAX(0,ROUND((TIMEVALUE($K103)-TIMEVALUE($I103))*1440,0))) -> 0 | N103: =IF($L103="","",MAX(0,ROUND((TIMEVALUE($J103)-TIMEVALUE($L103))*1440,0))) -> 0 | O103: =IF(OR($K103="",$L103=""),0,ROUND(VLOOKUP($H103,DM_CA_LAM!$A$4:$F$6,6,FALSE())-$M103/60-$N103/60,2)) -> 8 | P103: Đi làm đủ công | Q103: 0 | T103: =$B103&"_"&TEXT($F103,"yyyymmdd") -> NV014_20260608 | U103: =VLOOKUP($P103,DM_TRANG_THAI!$A$4:$B$9,2,FALSE()) -> P
A104: 101 | B104: NV015 | C104: =VLOOKUP($B104,DM_NHAN_VIEN!$B$4:$F$18,2,FALSE()) -> Trịnh Văn Hùng | D104: =VLOOKUP($B104,DM_NHAN_VIEN!$B$4:$F$18,3,FALSE()) -> Kế toán | E104: =VLOOKUP($B104,DM_NHAN_VIEN!$B$4:$F$18,4,FALSE()) -> Phó phòng | F104: 46181 | G104: =CHOOSE(WEEKDAY(F104,2),"Thứ Hai","Thứ Ba","Thứ Tư","Thứ Năm","Thứ Sáu","Thứ Bảy","Chủ Nhật") -> Thứ Hai | H104: =VLOOKUP($B104,DM_NHAN_VIEN!$B$4:$F$18,5,FALSE()) -> Ca Hành Chính | I104: =VLOOKUP($H104,DM_CA_LAM!$A$4:$C$6,2,FALSE()) -> 07:30 | J104: =VLOOKUP($H104,DM_CA_LAM!$A$4:$C$6,3,FALSE()) -> 17:30 | K104: 07:26 | L104: 17:33 | M104: =IF($K104="","",MAX(0,ROUND((TIMEVALUE($K104)-TIMEVALUE($I104))*1440,0))) -> 0 | N104: =IF($L104="","",MAX(0,ROUND((TIMEVALUE($J104)-TIMEVALUE($L104))*1440,0))) -> 0 | O104: =IF(OR($K104="",$L104=""),0,ROUND(VLOOKUP($H104,DM_CA_LAM!$A$4:$F$6,6,FALSE())-$M104/60-$N104/60,2)) -> 8 | P104: Đi làm đủ công | Q104: 0 | T104: =$B104&"_"&TEXT($F104,"yyyymmdd") -> NV015_20260608 | U104: =VLOOKUP($P104,DM_TRANG_THAI!$A$4:$B$9,2,FALSE()) -> P
...

Sheet BANG_CONG_THANG
A1: BẢNG CÔNG TỔNG HỢP - THÁNG 06/2026
A2: Mỗi ngày lấy tự động từ sheet CHI_TIET_CHAM_CONG | Mã: P=đi làm, L=đi muộn, A=vắng, NP=nghỉ phép, KL=nghỉ không lương, CN=Chủ Nhật
A3: STT | B3: Mã NV | C3: Họ và tên | D3: Phòng ban | E3: Ca làm chính | F3: 1 | G3: 2 | H3: 3 | I3: 4 | J3: 5 | K3: 6 | L3: 7 | M3: 8 | N3: 9 | O3: 10 | P3: 11 | Q3: 12 | R3: 13 | S3: 14 | T3: 15 | U3: 16 | V3: 17 | W3: 18 | X3: 19 | Y3: 20 | Z3: 21 | AA3: 22 | AB3: 23 | AC3: 24 | AD3: 25 | AE3: 26 | AF3: 27 | AG3: 28 | AH3: 29 | AI3: 30 | AJ3: Tổng ngày công | AK3: Số ngày đi muộn | AL3: Số ngày vắng | AM3: Số ngày nghỉ phép/KL | AN3: Tổng giờ OT
F4: T2 | G4: T3 | H4: T4 | I4: T5 | J4: T6 | K4: T7 | L4: CN | M4: T2 | N4: T3 | O4: T4 | P4: T5 | Q4: T6 | R4: T7 | S4: CN | T4: T2 | U4: T3 | V4: T4 | W4: T5 | X4: T6 | Y4: T7 | Z4: CN | AA4: T2 | AB4: T3 | AC4: T4 | AD4: T5 | AE4: T6 | AF4: T7 | AG4: CN | AH4: T2 | AI4: T3
A5: 1 | B5: NV002 | C5: =DM_NHAN_VIEN!C4 -> Nguyễn Văn Giám Đốc | D5: =DM_NHAN_VIEN!D4 -> Hành chính | E5: =DM_NHAN_VIEN!F4 -> Ca Hành Chính | F5: =IFERROR(VLOOKUP($B5&"_"&TEXT(DATE(2026,6,1),"yyyymmdd"),CHI_TIET_CHAM_CONG!$T:$U,2,FALSE()),"") -> P | G5: =IFERROR(VLOOKUP($B5&"_"&TEXT(DATE(2026,6,2),"yyyymmdd"),CHI_TIET_CHAM_CONG!$T:$U,2,FALSE()),"") -> P | H5: =IFERROR(VLOOKUP($B5&"_"&TEXT(DATE(2026,6,3),"yyyymmdd"),CHI_TIET_CHAM_CONG!$T:$U,2,FALSE()),"") -> P | I5: =IFERROR(VLOOKUP($B5&"_"&TEXT(DATE(2026,6,4),"yyyymmdd"),CHI_TIET_CHAM_CONG!$T:$U,2,FALSE()),"") -> P | J5: =IFERROR(VLOOKUP($B5&"_"&TEXT(DATE(2026,6,5),"yyyymmdd"),CHI_TIET_CHAM_CONG!$T:$U,2,FALSE()),"") -> P | K5: =IFERROR(VLOOKUP($B5&"_"&TEXT(DATE(2026,6,6),"yyyymmdd"),CHI_TIET_CHAM_CONG!$T:$U,2,FALSE()),"") -> P | L5: CN | M5: =IFERROR(VLOOKUP($B5&"_"&TEXT(DATE(2026,6,8),"yyyymmdd"),CHI_TIET_CHAM_CONG!$T:$U,2,FALSE()),"") -> P | N5: =IFERROR(VLOOKUP($B5&"_"&TEXT(DATE(2026,6,9),"yyyymmdd"),CHI_TIET_CHAM_CONG!$T:$U,2,FALSE()),"") -> P | O5: =IFERROR(VLOOKUP($B5&"_"&TEXT(DATE(2026,6,10),"yyyymmdd"),CHI_TIET_CHAM_CONG!$T:$U,2,FALSE()),"") -> P | P5: =IFERROR(VLOOKUP($B5&"_"&TEXT(DATE(2026,6,11),"yyyymmdd"),CHI_TIET_CHAM_CONG!$T:$U,2,FALSE()),"") -> KL | Q5: =IFERROR(VLOOKUP($B5&"_"&TEXT(DATE(2026,6,12),"yyyymmdd"),CHI_TIET_CHAM_CONG!$T:$U,2,FALSE()),"") -> P | R5: =IFERROR(VLOOKUP($B5&"_"&TEXT(DATE(2026,6,13),"yyyymmdd"),CHI_TIET_CHAM_CONG!$T:$U,2,FALSE()),"") -> P | S5: CN | T5: =IFERROR(VLOOKUP($B5&"_"&TEXT(DATE(2026,6,15),"yyyymmdd"),CHI_TIET_CHAM_CONG!$T:$U,2,FALSE()),"") -> P | U5: =IFERROR(VLOOKUP($B5&"_"&TEXT(DATE(2026,6,16),"yyyymmdd"),CHI_TIET_CHAM_CONG!$T:$U,2,FALSE()),"") -> L | V5: =IFERROR(VLOOKUP($B5&"_"&TEXT(DATE(2026,6,17),"yyyymmdd"),CHI_TIET_CHAM_CONG!$T:$U,2,FALSE()),"") -> P | W5: =IFERROR(VLOOKUP($B5&"_"&TEXT(DATE(2026,6,18),"yyyymmdd"),CHI_TIET_CHAM_CONG!$T:$U,2,FALSE()),"") -> P | X5: =IFERROR(VLOOKUP($B5&"_"&TEXT(DATE(2026,6,19),"yyyymmdd"),CHI_TIET_CHAM_CONG!$T:$U,2,FALSE()),"") -> P | Y5: =IFERROR(VLOOKUP($B5&"_"&TEXT(DATE(2026,6,20),"yyyymmdd"),CHI_TIET_CHAM_CONG!$T:$U,2,FALSE()),"") -> P | Z5: CN | AA5: =IFERROR(VLOOKUP($B5&"_"&TEXT(DATE(2026,6,22),"yyyymmdd"),CHI_TIET_CHAM_CONG!$T:$U,2,FALSE()),"") -> L | AB5: =IFERROR(VLOOKUP($B5&"_"&TEXT(DATE(2026,6,23),"yyyymmdd"),CHI_TIET_CHAM_CONG!$T:$U,2,FALSE()),"") -> L | AC5: =IFERROR(VLOOKUP($B5&"_"&TEXT(DATE(2026,6,24),"yyyymmdd"),CHI_TIET_CHAM_CONG!$T:$U,2,FALSE()),"") -> NP | AD5: =IFERROR(VLOOKUP($B5&"_"&TEXT(DATE(2026,6,25),"yyyymmdd"),CHI_TIET_CHAM_CONG!$T:$U,2,FALSE()),"") -> L | AE5: =IFERROR(VLOOKUP($B5&"_"&TEXT(DATE(2026,6,26),"yyyymmdd"),CHI_TIET_CHAM_CONG!$T:$U,2,FALSE()),"") -> A | AF5: =IFERROR(VLOOKUP($B5&"_"&TEXT(DATE(2026,6,27),"yyyymmdd"),CHI_TIET_CHAM_CONG!$T:$U,2,FALSE()),"") -> P | AG5: CN | AH5: =IFERROR(VLOOKUP($B5&"_"&TEXT(DATE(2026,6,29),"yyyymmdd"),CHI_TIET_CHAM_CONG!$T:$U,2,FALSE()),"") -> P | AI5: =IFERROR(VLOOKUP($B5&"_"&TEXT(DATE(2026,6,30),"yyyymmdd"),CHI_TIET_CHAM_CONG!$T:$U,2,FALSE()),"") -> P | AJ5: =COUNTIF(F5:AI5,"P")+COUNTIF(F5:AI5,"L") -> 23 | AK5: =COUNTIF(F5:AI5,"L") -> 4 | AL5: =COUNTIF(F5:AI5,"A") -> 1 | AM5: =COUNTIF(F5:AI5,"NP")+COUNTIF(F5:AI5,"KL") -> 2 | AN5: =SUMIF(CHI_TIET_CHAM_CONG!$B:$B,$B5,CHI_TIET_CHAM_CONG!$Q:$Q) -> 2
A6: 2 | B6: NV003 | C6: =DM_NHAN_VIEN!C5 -> Trần Thị Nhân Sự | D6: =DM_NHAN_VIEN!D5 -> Nhân sự | E6: =DM_NHAN_VIEN!F5 -> Ca Hành Chính | F6: =IFERROR(VLOOKUP($B6&"_"&TEXT(DATE(2026,6,1),"yyyymmdd"),CHI_TIET_CHAM_CONG!$T:$U,2,FALSE()),"") -> P | G6: =IFERROR(VLOOKUP($B6&"_"&TEXT(DATE(2026,6,2),"yyyymmdd"),CHI_TIET_CHAM_CONG!$T:$U,2,FALSE()),"") -> P | H6: =IFERROR(VLOOKUP($B6&"_"&TEXT(DATE(2026,6,3),"yyyymmdd"),CHI_TIET_CHAM_CONG!$T:$U,2,FALSE()),"") -> P | I6: =IFERROR(VLOOKUP($B6&"_"&TEXT(DATE(2026,6,4),"yyyymmdd"),CHI_TIET_CHAM_CONG!$T:$U,2,FALSE()),"") -> KL | J6: =IFERROR(VLOOKUP($B6&"_"&TEXT(DATE(2026,6,5),"yyyymmdd"),CHI_TIET_CHAM_CONG!$T:$U,2,FALSE()),"") -> L | K6: =IFERROR(VLOOKUP($B6&"_"&TEXT(DATE(2026,6,6),"yyyymmdd"),CHI_TIET_CHAM_CONG!$T:$U,2,FALSE()),"") -> P | L6: CN | M6: =IFERROR(VLOOKUP($B6&"_"&TEXT(DATE(2026,6,8),"yyyymmdd"),CHI_TIET_CHAM_CONG!$T:$U,2,FALSE()),"") -> P | N6: =IFERROR(VLOOKUP($B6&"_"&TEXT(DATE(2026,6,9),"yyyymmdd"),CHI_TIET_CHAM_CONG!$T:$U,2,FALSE()),"") -> P | O6: =IFERROR(VLOOKUP($B6&"_"&TEXT(DATE(2026,6,10),"yyyymmdd"),CHI_TIET_CHAM_CONG!$T:$U,2,FALSE()),"") -> P | P6: =IFERROR(VLOOKUP($B6&"_"&TEXT(DATE(2026,6,11),"yyyymmdd"),CHI_TIET_CHAM_CONG!$T:$U,2,FALSE()),"") -> P | Q6: =IFERROR(VLOOKUP($B6&"_"&TEXT(DATE(2026,6,12),"yyyymmdd"),CHI_TIET_CHAM_CONG!$T:$U,2,FALSE()),"") -> P | R6: =IFERROR(VLOOKUP($B6&"_"&TEXT(DATE(2026,6,13),"yyyymmdd"),CHI_TIET_CHAM_CONG!$T:$U,2,FALSE()),"") -> L | S6: CN | T6: =IFERROR(VLOOKUP($B6&"_"&TEXT(DATE(2026,6,15),"yyyymmdd"),CHI_TIET_CHAM_CONG!$T:$U,2,FALSE()),"") -> P | U6: =IFERROR(VLOOKUP($B6&"_"&TEXT(DATE(2026,6,16),"yyyymmdd"),CHI_TIET_CHAM_CONG!$T:$U,2,FALSE()),"") -> L | V6: =IFERROR(VLOOKUP($B6&"_"&TEXT(DATE(2026,6,17),"yyyymmdd"),CHI_TIET_CHAM_CONG!$T:$U,2,FALSE()),"") -> P | W6: =IFERROR(VLOOKUP($B6&"_"&TEXT(DATE(2026,6,18),"yyyymmdd"),CHI_TIET_CHAM_CONG!$T:$U,2,FALSE()),"") -> L | X6: =IFERROR(VLOOKUP($B6&"_"&TEXT(DATE(2026,6,19),"yyyymmdd"),CHI_TIET_CHAM_CONG!$T:$U,2,FALSE()),"") -> P | Y6: =IFERROR(VLOOKUP($B6&"_"&TEXT(DATE(2026,6,20),"yyyymmdd"),CHI_TIET_CHAM_CONG!$T:$U,2,FALSE()),"") -> P | Z6: CN | AA6: =IFERROR(VLOOKUP($B6&"_"&TEXT(DATE(2026,6,22),"yyyymmdd"),CHI_TIET_CHAM_CONG!$T:$U,2,FALSE()),"") -> P | AB6: =IFERROR(VLOOKUP($B6&"_"&TEXT(DATE(2026,6,23),"yyyymmdd"),CHI_TIET_CHAM_CONG!$T:$U,2,FALSE()),"") -> P | AC6: =IFERROR(VLOOKUP($B6&"_"&TEXT(DATE(2026,6,24),"yyyymmdd"),CHI_TIET_CHAM_CONG!$T:$U,2,FALSE()),"") -> A | AD6: =IFERROR(VLOOKUP($B6&"_"&TEXT(DATE(2026,6,25),"yyyymmdd"),CHI_TIET_CHAM_CONG!$T:$U,2,FALSE()),"") -> P | AE6: =IFERROR(VLOOKUP($B6&"_"&TEXT(DATE(2026,6,26),"yyyymmdd"),CHI_TIET_CHAM_CONG!$T:$U,2,FALSE()),"") -> P | AF6: =IFERROR(VLOOKUP($B6&"_"&TEXT(DATE(2026,6,27),"yyyymmdd"),CHI_TIET_CHAM_CONG!$T:$U,2,FALSE()),"") -> P | AG6: CN | AH6: =IFERROR(VLOOKUP($B6&"_"&TEXT(DATE(2026,6,29),"yyyymmdd"),CHI_TIET_CHAM_CONG!$T:$U,2,FALSE()),"") -> P | AI6: =IFERROR(VLOOKUP($B6&"_"&TEXT(DATE(2026,6,30),"yyyymmdd"),CHI_TIET_CHAM_CONG!$T:$U,2,FALSE()),"") -> KL | AJ6: =COUNTIF(F6:AI6,"P")+COUNTIF(F6:AI6,"L") -> 23 | AK6: =COUNTIF(F6:AI6,"L") -> 4 | AL6: =COUNTIF(F6:AI6,"A") -> 1 | AM6: =COUNTIF(F6:AI6,"NP")+COUNTIF(F6:AI6,"KL") -> 2 | AN6: =SUMIF(CHI_TIET_CHAM_CONG!$B:$B,$B6,CHI_TIET_CHAM_CONG!$Q:$Q) -> 5
A7: 3 | B7: NV004 | C7: =DM_NHAN_VIEN!C6 -> Lê Văn Quản Đốc | D7: =DM_NHAN_VIEN!D6 -> Xưởng sản xuất | E7: =DM_NHAN_VIEN!F6 -> Ca Hành Chính | F7: =IFERROR(VLOOKUP($B7&"_"&TEXT(DATE(2026,6,1),"yyyymmdd"),CHI_TIET_CHAM_CONG!$T:$U,2,FALSE()),"") -> P | G7: =IFERROR(VLOOKUP($B7&"_"&TEXT(DATE(2026,6,2),"yyyymmdd"),CHI_TIET_CHAM_CONG!$T:$U,2,FALSE()),"") -> P | H7: =IFERROR(VLOOKUP($B7&"_"&TEXT(DATE(2026,6,3),"yyyymmdd"),CHI_TIET_CHAM_CONG!$T:$U,2,FALSE()),"") -> P | I7: =IFERROR(VLOOKUP($B7&"_"&TEXT(DATE(2026,6,4),"yyyymmdd"),CHI_TIET_CHAM_CONG!$T:$U,2,FALSE()),"") -> L | J7: =IFERROR(VLOOKUP($B7&"_"&TEXT(DATE(2026,6,5),"yyyymmdd"),CHI_TIET_CHAM_CONG!$T:$U,2,FALSE()),"") -> NP | K7: =IFERROR(VLOOKUP($B7&"_"&TEXT(DATE(2026,6,6),"yyyymmdd"),CHI_TIET_CHAM_CONG!$T:$U,2,FALSE()),"") -> A | L7: CN | M7: =IFERROR(VLOOKUP($B7&"_"&TEXT(DATE(2026,6,8),"yyyymmdd"),CHI_TIET_CHAM_CONG!$T:$U,2,FALSE()),"") -> P | N7: =IFERROR(VLOOKUP($B7&"_"&TEXT(DATE(2026,6,9),"yyyymmdd"),CHI_TIET_CHAM_CONG!$T:$U,2,FALSE()),"") -> P | O7: =IFERROR(VLOOKUP($B7&"_"&TEXT(DATE(2026,6,10),"yyyymmdd"),CHI_TIET_CHAM_CONG!$T:$U,2,FALSE()),"") -> KL | P7: =IFERROR(VLOOKUP($B7&"_"&TEXT(DATE(2026,6,11),"yyyymmdd"),CHI_TIET_CHAM_CONG!$T:$U,2,FALSE()),"") -> P | Q7: =IFERROR(VLOOKUP($B7&"_"&TEXT(DATE(2026,6,12),"yyyymmdd"),CHI_TIET_CHAM_CONG!$T:$U,2,FALSE()),"") -> NP | R7: =IFERROR(VLOOKUP($B7&"_"&TEXT(DATE(2026,6,13),"yyyymmdd"),CHI_TIET_CHAM_CONG!$T:$U,2,FALSE()),"") -> KL | S7: CN | T7: =IFERROR(VLOOKUP($B7&"_"&TEXT(DATE(2026,6,15),"yyyymmdd"),CHI_TIET_CHAM_CONG!$T:$U,2,FALSE()),"") -> P | U7: =IFERROR(VLOOKUP($B7&"_"&TEXT(DATE(2026,6,16),"yyyymmdd"),CHI_TIET_CHAM_CONG!$T:$U,2,FALSE()),"") -> P | V7: =IFERROR(VLOOKUP($B7&"_"&TEXT(DATE(2026,6,17),"yyyymmdd"),CHI_TIET_CHAM_CONG!$T:$U,2,FALSE()),"") -> P | W7: =IFERROR(VLOOKUP($B7&"_"&TEXT(DATE(2026,6,18),"yyyymmdd"),CHI_TIET_CHAM_CONG!$T:$U,2,FALSE()),"") -> L | X7: =IFERROR(VLOOKUP($B7&"_"&TEXT(DATE(2026,6,19),"yyyymmdd"),CHI_TIET_CHAM_CONG!$T:$U,2,FALSE()),"") -> P | Y7: =IFERROR(VLOOKUP($B7&"_"&TEXT(DATE(2026,6,20),"yyyymmdd"),CHI_TIET_CHAM_CONG!$T:$U,2,FALSE()),"") -> NP | Z7: CN | AA7: =IFERROR(VLOOKUP($B7&"_"&TEXT(DATE(2026,6,22),"yyyymmdd"),CHI_TIET_CHAM_CONG!$T:$U,2,FALSE()),"") -> P | AB7: =IFERROR(VLOOKUP($B7&"_"&TEXT(DATE(2026,6,23),"yyyymmdd"),CHI_TIET_CHAM_CONG!$T:$U,2,FALSE()),"") -> P | AC7: =IFERROR(VLOOKUP($B7&"_"&TEXT(DATE(2026,6,24),"yyyymmdd"),CHI_TIET_CHAM_CONG!$T:$U,2,FALSE()),"") -> P | AD7: =IFERROR(VLOOKUP($B7&"_"&TEXT(DATE(2026,6,25),"yyyymmdd"),CHI_TIET_CHAM_CONG!$T:$U,2,FALSE()),"") -> P | AE7: =IFERROR(VLOOKUP($B7&"_"&TEXT(DATE(2026,6,26),"yyyymmdd"),CHI_TIET_CHAM_CONG!$T:$U,2,FALSE()),"") -> A | AF7: =IFERROR(VLOOKUP($B7&"_"&TEXT(DATE(2026,6,27),"yyyymmdd"),CHI_TIET_CHAM_CONG!$T:$U,2,FALSE()),"") -> P | AG7: CN | AH7: =IFERROR(VLOOKUP($B7&"_"&TEXT(DATE(2026,6,29),"yyyymmdd"),CHI_TIET_CHAM_CONG!$T:$U,2,FALSE()),"") -> P | AI7: =IFERROR(VLOOKUP($B7&"_"&TEXT(DATE(2026,6,30),"yyyymmdd"),CHI_TIET_CHAM_CONG!$T:$U,2,FALSE()),"") -> P | AJ7: =COUNTIF(F7:AI7,"P")+COUNTIF(F7:AI7,"L") -> 19 | AK7: =COUNTIF(F7:AI7,"L") -> 2 | AL7: =COUNTIF(F7:AI7,"A") -> 2 | AM7: =COUNTIF(F7:AI7,"NP")+COUNTIF(F7:AI7,"KL") -> 5 | AN7: =SUMIF(CHI_TIET_CHAM_CONG!$B:$B,$B7,CHI_TIET_CHAM_CONG!$Q:$Q) -> 4.5
A8: 4 | B8: NV005 | C8: =DM_NHAN_VIEN!C7 -> Phạm Công Nhân | D8: =DM_NHAN_VIEN!D7 -> Xưởng sản xuất | E8: =DM_NHAN_VIEN!F7 -> Ca Hành Chính | F8: =IFERROR(VLOOKUP($B8&"_"&TEXT(DATE(2026,6,1),"yyyymmdd"),CHI_TIET_CHAM_CONG!$T:$U,2,FALSE()),"") -> P | G8: =IFERROR(VLOOKUP($B8&"_"&TEXT(DATE(2026,6,2),"yyyymmdd"),CHI_TIET_CHAM_CONG!$T:$U,2,FALSE()),"") -> P | H8: =IFERROR(VLOOKUP($B8&"_"&TEXT(DATE(2026,6,3),"yyyymmdd"),CHI_TIET_CHAM_CONG!$T:$U,2,FALSE()),"") -> P | I8: =IFERROR(VLOOKUP($B8&"_"&TEXT(DATE(2026,6,4),"yyyymmdd"),CHI_TIET_CHAM_CONG!$T:$U,2,FALSE()),"") -> P | J8: =IFERROR(VLOOKUP($B8&"_"&TEXT(DATE(2026,6,5),"yyyymmdd"),CHI_TIET_CHAM_CONG!$T:$U,2,FALSE()),"") -> P | K8: =IFERROR(VLOOKUP($B8&"_"&TEXT(DATE(2026,6,6),"yyyymmdd"),CHI_TIET_CHAM_CONG!$T:$U,2,FALSE()),"") -> P | L8: CN | M8: =IFERROR(VLOOKUP($B8&"_"&TEXT(DATE(2026,6,8),"yyyymmdd"),CHI_TIET_CHAM_CONG!$T:$U,2,FALSE()),"") -> L | N8: =IFERROR(VLOOKUP($B8&"_"&TEXT(DATE(2026,6,9),"yyyymmdd"),CHI_TIET_CHAM_CONG!$T:$U,2,FALSE()),"") -> P | O8: =IFERROR(VLOOKUP($B8&"_"&TEXT(DATE(2026,6,10),"yyyymmdd"),CHI_TIET_CHAM_CONG!$T:$U,2,FALSE()),"") -> P | P8: =IFERROR(VLOOKUP($B8&"_"&TEXT(DATE(2026,6,11),"yyyymmdd"),CHI_TIET_CHAM_CONG!$T:$U,2,FALSE()),"") -> P | Q8: =IFERROR(VLOOKUP($B8&"_"&TEXT(DATE(2026,6,12),"yyyymmdd"),CHI_TIET_CHAM_CONG!$T:$U,2,FALSE()),"") -> P | R8: =IFERROR(VLOOKUP($B8&"_"&TEXT(DATE(2026,6,13),"yyyymmdd"),CHI_TIET_CHAM_CONG!$T:$U,2,FALSE()),"") -> P | S8: CN | T8: =IFERROR(VLOOKUP($B8&"_"&TEXT(DATE(2026,6,15),"yyyymmdd"),CHI_TIET_CHAM_CONG!$T:$U,2,FALSE()),"") -> P | U8: =IFERROR(VLOOKUP($B8&"_"&TEXT(DATE(2026,6,16),"yyyymmdd"),CHI_TIET_CHAM_CONG!$T:$U,2,FALSE()),"") -> P | V8: =IFERROR(VLOOKUP($B8&"_"&TEXT(DATE(2026,6,17),"yyyymmdd"),CHI_TIET_CHAM_CONG!$T:$U,2,FALSE()),"") -> P | W8: =IFERROR(VLOOKUP($B8&"_"&TEXT(DATE(2026,6,18),"yyyymmdd"),CHI_TIET_CHAM_CONG!$T:$U,2,FALSE()),"") -> L | X8: =IFERROR(VLOOKUP($B8&"_"&TEXT(DATE(2026,6,19),"yyyymmdd"),CHI_TIET_CHAM_CONG!$T:$U,2,FALSE()),"") -> P | Y8: =IFERROR(VLOOKUP($B8&"_"&TEXT(DATE(2026,6,20),"yyyymmdd"),CHI_TIET_CHAM_CONG!$T:$U,2,FALSE()),"") -> P | Z8: CN | AA8: =IFERROR(VLOOKUP($B8&"_"&TEXT(DATE(2026,6,22),"yyyymmdd"),CHI_TIET_CHAM_CONG!$T:$U,2,FALSE()),"") -> P | AB8: =IFERROR(VLOOKUP($B8&"_"&TEXT(DATE(2026,6,23),"yyyymmdd"),CHI_TIET_CHAM_CONG!$T:$U,2,FALSE()),"") -> P | AC8: =IFERROR(VLOOKUP($B8&"_"&TEXT(DATE(2026,6,24),"yyyymmdd"),CHI_TIET_CHAM_CONG!$T:$U,2,FALSE()),"") -> P | AD8: =IFERROR(VLOOKUP($B8&"_"&TEXT(DATE(2026,6,25),"yyyymmdd"),CHI_TIET_CHAM_CONG!$T:$U,2,FALSE()),"") -> P | AE8: =IFERROR(VLOOKUP($B8&"_"&TEXT(DATE(2026,6,26),"yyyymmdd"),CHI_TIET_CHAM_CONG!$T:$U,2,FALSE()),"") -> KL | AF8: =IFERROR(VLOOKUP($B8&"_"&TEXT(DATE(2026,6,27),"yyyymmdd"),CHI_TIET_CHAM_CONG!$T:$U,2,FALSE()),"") -> P | AG8: CN | AH8: =IFERROR(VLOOKUP($B8&"_"&TEXT(DATE(2026,6,29),"yyyymmdd"),CHI_TIET_CHAM_CONG!$T:$U,2,FALSE()),"") -> P | AI8: =IFERROR(VLOOKUP($B8&"_"&TEXT(DATE(2026,6,30),"yyyymmdd"),CHI_TIET_CHAM_CONG!$T:$U,2,FALSE()),"") -> P | AJ8: =COUNTIF(F8:AI8,"P")+COUNTIF(F8:AI8,"L") -> 25 | AK8: =COUNTIF(F8:AI8,"L") -> 2 | AL8: =COUNTIF(F8:AI8,"A") -> 0 | AM8: =COUNTIF(F8:AI8,"NP")+COUNTIF(F8:AI8,"KL") -> 1 | AN8: =SUMIF(CHI_TIET_CHAM_CONG!$B:$B,$B8,CHI_TIET_CHAM_CONG!$Q:$Q) -> 3
A9: 5 | B9: NV006 | C9: =DM_NHAN_VIEN!C8 -> Đỗ Thị Hà | D9: =DM_NHAN_VIEN!D8 -> Hành chính | E9: =DM_NHAN_VIEN!F8 -> Ca Hành Chính | F9: =IFERROR(VLOOKUP($B9&"_"&TEXT(DATE(2026,6,1),"yyyymmdd"),CHI_TIET_CHAM_CONG!$T:$U,2,FALSE()),"") -> P | G9: =IFERROR(VLOOKUP($B9&"_"&TEXT(DATE(2026,6,2),"yyyymmdd"),CHI_TIET_CHAM_CONG!$T:$U,2,FALSE()),"") -> P | H9: =IFERROR(VLOOKUP($B9&"_"&TEXT(DATE(2026,6,3),"yyyymmdd"),CHI_TIET_CHAM_CONG!$T:$U,2,FALSE()),"") -> P | I9: =IFERROR(VLOOKUP($B9&"_"&TEXT(DATE(2026,6,4),"yyyymmdd"),CHI_TIET_CHAM_CONG!$T:$U,2,FALSE()),"") -> P | J9: =IFERROR(VLOOKUP($B9&"_"&TEXT(DATE(2026,6,5),"yyyymmdd"),CHI_TIET_CHAM_CONG!$T:$U,2,FALSE()),"") -> P | K9: =IFERROR(VLOOKUP($B9&"_"&TEXT(DATE(2026,6,6),"yyyymmdd"),CHI_TIET_CHAM_CONG!$T:$U,2,FALSE()),"") -> P | L9: CN | M9: =IFERROR(VLOOKUP($B9&"_"&TEXT(DATE(2026,6,8),"yyyymmdd"),CHI_TIET_CHAM_CONG!$T:$U,2,FALSE()),"") -> L | N9: =IFERROR(VLOOKUP($B9&"_"&TEXT(DATE(2026,6,9),"yyyymmdd"),CHI_TIET_CHAM_CONG!$T:$U,2,FALSE()),"") -> P | O9: =IFERROR(VLOOKUP($B9&"_"&TEXT(DATE(2026,6,10),"yyyymmdd"),CHI_TIET_CHAM_CONG!$T:$U,2,FALSE()),"") -> P | P9: =IFERROR(VLOOKUP($B9&"_"&TEXT(DATE(2026,6,11),"yyyymmdd"),CHI_TIET_CHAM_CONG!$T:$U,2,FALSE()),"") -> NP | Q9: =IFERROR(VLOOKUP($B9&"_"&TEXT(DATE(2026,6,12),"yyyymmdd"),CHI_TIET_CHAM_CONG!$T:$U,2,FALSE()),"") -> P | R9: =IFERROR(VLOOKUP($B9&"_"&TEXT(DATE(2026,6,13),"yyyymmdd"),CHI_TIET_CHAM_CONG!$T:$U,2,FALSE()),"") -> P | S9: CN | T9: =IFERROR(VLOOKUP($B9&"_"&TEXT(DATE(2026,6,15),"yyyymmdd"),CHI_TIET_CHAM_CONG!$T:$U,2,FALSE()),"") -> P | U9: =IFERROR(VLOOKUP($B9&"_"&TEXT(DATE(2026,6,16),"yyyymmdd"),CHI_TIET_CHAM_CONG!$T:$U,2,FALSE()),"") -> P | V9: =IFERROR(VLOOKUP($B9&"_"&TEXT(DATE(2026,6,17),"yyyymmdd"),CHI_TIET_CHAM_CONG!$T:$U,2,FALSE()),"") -> P | W9: =IFERROR(VLOOKUP($B9&"_"&TEXT(DATE(2026,6,18),"yyyymmdd"),CHI_TIET_CHAM_CONG!$T:$U,2,FALSE()),"") -> P | X9: =IFERROR(VLOOKUP($B9&"_"&TEXT(DATE(2026,6,19),"yyyymmdd"),CHI_TIET_CHAM_CONG!$T:$U,2,FALSE()),"") -> L | Y9: =IFERROR(VLOOKUP($B9&"_"&TEXT(DATE(2026,6,20),"yyyymmdd"),CHI_TIET_CHAM_CONG!$T:$U,2,FALSE()),"") -> L | Z9: CN | AA9: =IFERROR(VLOOKUP($B9&"_"&TEXT(DATE(2026,6,22),"yyyymmdd"),CHI_TIET_CHAM_CONG!$T:$U,2,FALSE()),"") -> P | AB9: =IFERROR(VLOOKUP($B9&"_"&TEXT(DATE(2026,6,23),"yyyymmdd"),CHI_TIET_CHAM_CONG!$T:$U,2,FALSE()),"") -> A | AC9: =IFERROR(VLOOKUP($B9&"_"&TEXT(DATE(2026,6,24),"yyyymmdd"),CHI_TIET_CHAM_CONG!$T:$U,2,FALSE()),"") -> L | AD9: =IFERROR(VLOOKUP($B9&"_"&TEXT(DATE(2026,6,25),"yyyymmdd"),CHI_TIET_CHAM_CONG!$T:$U,2,FALSE()),"") -> P | AE9: =IFERROR(VLOOKUP($B9&"_"&TEXT(DATE(2026,6,26),"yyyymmdd"),CHI_TIET_CHAM_CONG!$T:$U,2,FALSE()),"") -> P | AF9: =IFERROR(VLOOKUP($B9&"_"&TEXT(DATE(2026,6,27),"yyyymmdd"),CHI_TIET_CHAM_CONG!$T:$U,2,FALSE()),"") -> P | AG9: CN | AH9: =IFERROR(VLOOKUP($B9&"_"&TEXT(DATE(2026,6,29),"yyyymmdd"),CHI_TIET_CHAM_CONG!$T:$U,2,FALSE()),"") -> P | AI9: =IFERROR(VLOOKUP($B9&"_"&TEXT(DATE(2026,6,30),"yyyymmdd"),CHI_TIET_CHAM_CONG!$T:$U,2,FALSE()),"") -> P | AJ9: =COUNTIF(F9:AI9,"P")+COUNTIF(F9:AI9,"L") -> 24 | AK9: =COUNTIF(F9:AI9,"L") -> 4 | AL9: =COUNTIF(F9:AI9,"A") -> 1 | AM9: =COUNTIF(F9:AI9,"NP")+COUNTIF(F9:AI9,"KL") -> 1 | AN9: =SUMIF(CHI_TIET_CHAM_CONG!$B:$B,$B9,CHI_TIET_CHAM_CONG!$Q:$Q) -> 4.5
A10: 6 | B10: NV007 | C10: =DM_NHAN_VIEN!C9 -> Ngô Văn Tài | D10: =DM_NHAN_VIEN!D9 -> Hành chính | E10: =DM_NHAN_VIEN!F9 -> Ca Hành Chính | F10: =IFERROR(VLOOKUP($B10&"_"&TEXT(DATE(2026,6,1),"yyyymmdd"),CHI_TIET_CHAM_CONG!$T:$U,2,FALSE()),"") -> P | G10: =IFERROR(VLOOKUP($B10&"_"&TEXT(DATE(2026,6,2),"yyyymmdd"),CHI_TIET_CHAM_CONG!$T:$U,2,FALSE()),"") -> P | H10: =IFERROR(VLOOKUP($B10&"_"&TEXT(DATE(2026,6,3),"yyyymmdd"),CHI_TIET_CHAM_CONG!$T:$U,2,FALSE()),"") -> P | I10: =IFERROR(VLOOKUP($B10&"_"&TEXT(DATE(2026,6,4),"yyyymmdd"),CHI_TIET_CHAM_CONG!$T:$U,2,FALSE()),"") -> P | J10: =IFERROR(VLOOKUP($B10&"_"&TEXT(DATE(2026,6,5),"yyyymmdd"),CHI_TIET_CHAM_CONG!$T:$U,2,FALSE()),"") -> P | K10: =IFERROR(VLOOKUP($B10&"_"&TEXT(DATE(2026,6,6),"yyyymmdd"),CHI_TIET_CHAM_CONG!$T:$U,2,FALSE()),"") -> P | L10: CN | M10: =IFERROR(VLOOKUP($B10&"_"&TEXT(DATE(2026,6,8),"yyyymmdd"),CHI_TIET_CHAM_CONG!$T:$U,2,FALSE()),"") -> P | N10: =IFERROR(VLOOKUP($B10&"_"&TEXT(DATE(2026,6,9),"yyyymmdd"),CHI_TIET_CHAM_CONG!$T:$U,2,FALSE()),"") -> A | O10: =IFERROR(VLOOKUP($B10&"_"&TEXT(DATE(2026,6,10),"yyyymmdd"),CHI_TIET_CHAM_CONG!$T:$U,2,FALSE()),"") -> P | P10: =IFERROR(VLOOKUP($B10&"_"&TEXT(DATE(2026,6,11),"yyyymmdd"),CHI_TIET_CHAM_CONG!$T:$U,2,FALSE()),"") -> L | Q10: =IFERROR(VLOOKUP($B10&"_"&TEXT(DATE(2026,6,12),"yyyymmdd"),CHI_TIET_CHAM_CONG!$T:$U,2,FALSE()),"") -> P | R10: =IFERROR(VLOOKUP($B10&"_"&TEXT(DATE(2026,6,13),"yyyymmdd"),CHI_TIET_CHAM_CONG!$T:$U,2,FALSE()),"") -> P | S10: CN | T10: =IFERROR(VLOOKUP($B10&"_"&TEXT(DATE(2026,6,15),"yyyymmdd"),CHI_TIET_CHAM_CONG!$T:$U,2,FALSE()),"") -> P | U10: =IFERROR(VLOOKUP($B10&"_"&TEXT(DATE(2026,6,16),"yyyymmdd"),CHI_TIET_CHAM_CONG!$T:$U,2,FALSE()),"") -> P | V10: =IFERROR(VLOOKUP($B10&"_"&TEXT(DATE(2026,6,17),"yyyymmdd"),CHI_TIET_CHAM_CONG!$T:$U,2,FALSE()),"") -> P | W10: =IFERROR(VLOOKUP($B10&"_"&TEXT(DATE(2026,6,18),"yyyymmdd"),CHI_TIET_CHAM_CONG!$T:$U,2,FALSE()),"") -> P | X10: =IFERROR(VLOOKUP($B10&"_"&TEXT(DATE(2026,6,19),"yyyymmdd"),CHI_TIET_CHAM_CONG!$T:$U,2,FALSE()),"") -> P | Y10: =IFERROR(VLOOKUP($B10&"_"&TEXT(DATE(2026,6,20),"yyyymmdd"),CHI_TIET_CHAM_CONG!$T:$U,2,FALSE()),"") -> P | Z10: CN | AA10: =IFERROR(VLOOKUP($B10&"_"&TEXT(DATE(2026,6,22),"yyyymmdd"),CHI_TIET_CHAM_CONG!$T:$U,2,FALSE()),"") -> NP | AB10: =IFERROR(VLOOKUP($B10&"_"&TEXT(DATE(2026,6,23),"yyyymmdd"),CHI_TIET_CHAM_CONG!$T:$U,2,FALSE()),"") -> P | AC10: =IFERROR(VLOOKUP($B10&"_"&TEXT(DATE(2026,6,24),"yyyymmdd"),CHI_TIET_CHAM_CONG!$T:$U,2,FALSE()),"") -> P | AD10: =IFERROR(VLOOKUP($B10&"_"&TEXT(DATE(2026,6,25),"yyyymmdd"),CHI_TIET_CHAM_CONG!$T:$U,2,FALSE()),"") -> P | AE10: =IFERROR(VLOOKUP($B10&"_"&TEXT(DATE(2026,6,26),"yyyymmdd"),CHI_TIET_CHAM_CONG!$T:$U,2,FALSE()),"") -> L | AF10: =IFERROR(VLOOKUP($B10&"_"&TEXT(DATE(2026,6,27),"yyyymmdd"),CHI_TIET_CHAM_CONG!$T:$U,2,FALSE()),"") -> P | AG10: CN | AH10: =IFERROR(VLOOKUP($B10&"_"&TEXT(DATE(2026,6,29),"yyyymmdd"),CHI_TIET_CHAM_CONG!$T:$U,2,FALSE()),"") -> P | AI10: =IFERROR(VLOOKUP($B10&"_"&TEXT(DATE(2026,6,30),"yyyymmdd"),CHI_TIET_CHAM_CONG!$T:$U,2,FALSE()),"") -> P | AJ10: =COUNTIF(F10:AI10,"P")+COUNTIF(F10:AI10,"L") -> 24 | AK10: =COUNTIF(F10:AI10,"L") -> 2 | AL10: =COUNTIF(F10:AI10,"A") -> 1 | AM10: =COUNTIF(F10:AI10,"NP")+COUNTIF(F10:AI10,"KL") -> 1 | AN10: =SUMIF(CHI_TIET_CHAM_CONG!$B:$B,$B10,CHI_TIET_CHAM_CONG!$Q:$Q) -> 12
A11: 7 | B11: NV008 | C11: =DM_NHAN_VIEN!C10 -> Vũ Thị Nga | D11: =DM_NHAN_VIEN!D10 -> Hành chính | E11: =DM_NHAN_VIEN!F10 -> Ca Hành Chính | F11: =IFERROR(VLOOKUP($B11&"_"&TEXT(DATE(2026,6,1),"yyyymmdd"),CHI_TIET_CHAM_CONG!$T:$U,2,FALSE()),"") -> NP | G11: =IFERROR(VLOOKUP($B11&"_"&TEXT(DATE(2026,6,2),"yyyymmdd"),CHI_TIET_CHAM_CONG!$T:$U,2,FALSE()),"") -> P | H11: =IFERROR(VLOOKUP($B11&"_"&TEXT(DATE(2026,6,3),"yyyymmdd"),CHI_TIET_CHAM_CONG!$T:$U,2,FALSE()),"") -> L | I11: =IFERROR(VLOOKUP($B11&"_"&TEXT(DATE(2026,6,4),"yyyymmdd"),CHI_TIET_CHAM_CONG!$T:$U,2,FALSE()),"") -> L | J11: =IFERROR(VLOOKUP($B11&"_"&TEXT(DATE(2026,6,5),"yyyymmdd"),CHI_TIET_CHAM_CONG!$T:$U,2,FALSE()),"") -> P | K11: =IFERROR(VLOOKUP($B11&"_"&TEXT(DATE(2026,6,6),"yyyymmdd"),CHI_TIET_CHAM_CONG!$T:$U,2,FALSE()),"") -> P | L11: CN | M11: =IFERROR(VLOOKUP($B11&"_"&TEXT(DATE(2026,6,8),"yyyymmdd"),CHI_TIET_CHAM_CONG!$T:$U,2,FALSE()),"") -> P | N11: =IFERROR(VLOOKUP($B11&"_"&TEXT(DATE(2026,6,9),"yyyymmdd"),CHI_TIET_CHAM_CONG!$T:$U,2,FALSE()),"") -> P | O11: =IFERROR(VLOOKUP($B11&"_"&TEXT(DATE(2026,6,10),"yyyymmdd"),CHI_TIET_CHAM_CONG!$T:$U,2,FALSE()),"") -> P | P11: =IFERROR(VLOOKUP($B11&"_"&TEXT(DATE(2026,6,11),"yyyymmdd"),CHI_TIET_CHAM_CONG!$T:$U,2,FALSE()),"") -> P | Q11: =IFERROR(VLOOKUP($B11&"_"&TEXT(DATE(2026,6,12),"yyyymmdd"),CHI_TIET_CHAM_CONG!$T:$U,2,FALSE()),"") -> P | R11: =IFERROR(VLOOKUP($B11&"_"&TEXT(DATE(2026,6,13),"yyyymmdd"),CHI_TIET_CHAM_CONG!$T:$U,2,FALSE()),"") -> P | S11: CN | T11: =IFERROR(VLOOKUP($B11&"_"&TEXT(DATE(2026,6,15),"yyyymmdd"),CHI_TIET_CHAM_CONG!$T:$U,2,FALSE()),"") -> P | U11: =IFERROR(VLOOKUP($B11&"_"&TEXT(DATE(2026,6,16),"yyyymmdd"),CHI_TIET_CHAM_CONG!$T:$U,2,FALSE()),"") -> P | V11: =IFERROR(VLOOKUP($B11&"_"&TEXT(DATE(2026,6,17),"yyyymmdd"),CHI_TIET_CHAM_CONG!$T:$U,2,FALSE()),"") -> P | W11: =IFERROR(VLOOKUP($B11&"_"&TEXT(DATE(2026,6,18),"yyyymmdd"),CHI_TIET_CHAM_CONG!$T:$U,2,FALSE()),"") -> NP | X11: =IFERROR(VLOOKUP($B11&"_"&TEXT(DATE(2026,6,19),"yyyymmdd"),CHI_TIET_CHAM_CONG!$T:$U,2,FALSE()),"") -> P | Y11: =IFERROR(VLOOKUP($B11&"_"&TEXT(DATE(2026,6,20),"yyyymmdd"),CHI_TIET_CHAM_CONG!$T:$U,2,FALSE()),"") -> P | Z11: CN | AA11: =IFERROR(VLOOKUP($B11&"_"&TEXT(DATE(2026,6,22),"yyyymmdd"),CHI_TIET_CHAM_CONG!$T:$U,2,FALSE()),"") -> L | AB11: =IFERROR(VLOOKUP($B11&"_"&TEXT(DATE(2026,6,23),"yyyymmdd"),CHI_TIET_CHAM_CONG!$T:$U,2,FALSE()),"") -> P | AC11: =IFERROR(VLOOKUP($B11&"_"&TEXT(DATE(2026,6,24),"yyyymmdd"),CHI_TIET_CHAM_CONG!$T:$U,2,FALSE()),"") -> KL | AD11: =IFERROR(VLOOKUP($B11&"_"&TEXT(DATE(2026,6,25),"yyyymmdd"),CHI_TIET_CHAM_CONG!$T:$U,2,FALSE()),"") -> P | AE11: =IFERROR(VLOOKUP($B11&"_"&TEXT(DATE(2026,6,26),"yyyymmdd"),CHI_TIET_CHAM_CONG!$T:$U,2,FALSE()),"") -> P | AF11: =IFERROR(VLOOKUP($B11&"_"&TEXT(DATE(2026,6,27),"yyyymmdd"),CHI_TIET_CHAM_CONG!$T:$U,2,FALSE()),"") -> NP | AG11: CN | AH11: =IFERROR(VLOOKUP($B11&"_"&TEXT(DATE(2026,6,29),"yyyymmdd"),CHI_TIET_CHAM_CONG!$T:$U,2,FALSE()),"") -> P | AI11: =IFERROR(VLOOKUP($B11&"_"&TEXT(DATE(2026,6,30),"yyyymmdd"),CHI_TIET_CHAM_CONG!$T:$U,2,FALSE()),"") -> P | AJ11: =COUNTIF(F11:AI11,"P")+COUNTIF(F11:AI11,"L") -> 22 | AK11: =COUNTIF(F11:AI11,"L") -> 3 | AL11: =COUNTIF(F11:AI11,"A") -> 0 | AM11: =COUNTIF(F11:AI11,"NP")+COUNTIF(F11:AI11,"KL") -> 4 | AN11: =SUMIF(CHI_TIET_CHAM_CONG!$B:$B,$B11,CHI_TIET_CHAM_CONG!$Q:$Q) -> 1
A12: 8 | B12: NV010 | C12: =DM_NHAN_VIEN!C11 -> Đặng Thị Hồng | D12: =DM_NHAN_VIEN!D11 -> Nhân sự | E12: =DM_NHAN_VIEN!F11 -> Ca Hành Chính | F12: =IFERROR(VLOOKUP($B12&"_"&TEXT(DATE(2026,6,1),"yyyymmdd"),CHI_TIET_CHAM_CONG!$T:$U,2,FALSE()),"") -> L | G12: =IFERROR(VLOOKUP($B12&"_"&TEXT(DATE(2026,6,2),"yyyymmdd"),CHI_TIET_CHAM_CONG!$T:$U,2,FALSE()),"") -> P | H12: =IFERROR(VLOOKUP($B12&"_"&TEXT(DATE(2026,6,3),"yyyymmdd"),CHI_TIET_CHAM_CONG!$T:$U,2,FALSE()),"") -> P | I12: =IFERROR(VLOOKUP($B12&"_"&TEXT(DATE(2026,6,4),"yyyymmdd"),CHI_TIET_CHAM_CONG!$T:$U,2,FALSE()),"") -> KL | J12: =IFERROR(VLOOKUP($B12&"_"&TEXT(DATE(2026,6,5),"yyyymmdd"),CHI_TIET_CHAM_CONG!$T:$U,2,FALSE()),"") -> P | K12: =IFERROR(VLOOKUP($B12&"_"&TEXT(DATE(2026,6,6),"yyyymmdd"),CHI_TIET_CHAM_CONG!$T:$U,2,FALSE()),"") -> P | L12: CN | M12: =IFERROR(VLOOKUP($B12&"_"&TEXT(DATE(2026,6,8),"yyyymmdd"),CHI_TIET_CHAM_CONG!$T:$U,2,FALSE()),"") -> P | N12: =IFERROR(VLOOKUP($B12&"_"&TEXT(DATE(2026,6,9),"yyyymmdd"),CHI_TIET_CHAM_CONG!$T:$U,2,FALSE()),"") -> P | O12: =IFERROR(VLOOKUP($B12&"_"&TEXT(DATE(2026,6,10),"yyyymmdd"),CHI_TIET_CHAM_CONG!$T:$U,2,FALSE()),"") -> P | P12: =IFERROR(VLOOKUP($B12&"_"&TEXT(DATE(2026,6,11),"yyyymmdd"),CHI_TIET_CHAM_CONG!$T:$U,2,FALSE()),"") -> P | Q12: =IFERROR(VLOOKUP($B12&"_"&TEXT(DATE(2026,6,12),"yyyymmdd"),CHI_TIET_CHAM_CONG!$T:$U,2,FALSE()),"") -> A | R12: =IFERROR(VLOOKUP($B12&"_"&TEXT(DATE(2026,6,13),"yyyymmdd"),CHI_TIET_CHAM_CONG!$T:$U,2,FALSE()),"") -> P | S12: CN | T12: =IFERROR(VLOOKUP($B12&"_"&TEXT(DATE(2026,6,15),"yyyymmdd"),CHI_TIET_CHAM_CONG!$T:$U,2,FALSE()),"") -> A | U12: =IFERROR(VLOOKUP($B12&"_"&TEXT(DATE(2026,6,16),"yyyymmdd"),CHI_TIET_CHAM_CONG!$T:$U,2,FALSE()),"") -> P | V12: =IFERROR(VLOOKUP($B12&"_"&TEXT(DATE(2026,6,17),"yyyymmdd"),CHI_TIET_CHAM_CONG!$T:$U,2,FALSE()),"") -> L | W12: =IFERROR(VLOOKUP($B12&"_"&TEXT(DATE(2026,6,18),"yyyymmdd"),CHI_TIET_CHAM_CONG!$T:$U,2,FALSE()),"") -> P | X12: =IFERROR(VLOOKUP($B12&"_"&TEXT(DATE(2026,6,19),"yyyymmdd"),CHI_TIET_CHAM_CONG!$T:$U,2,FALSE()),"") -> P | Y12: =IFERROR(VLOOKUP($B12&"_"&TEXT(DATE(2026,6,20),"yyyymmdd"),CHI_TIET_CHAM_CONG!$T:$U,2,FALSE()),"") -> P | Z12: CN | AA12: =IFERROR(VLOOKUP($B12&"_"&TEXT(DATE(2026,6,22),"yyyymmdd"),CHI_TIET_CHAM_CONG!$T:$U,2,FALSE()),"") -> P | AB12: =IFERROR(VLOOKUP($B12&"_"&TEXT(DATE(2026,6,23),"yyyymmdd"),CHI_TIET_CHAM_CONG!$T:$U,2,FALSE()),"") -> P | AC12: =IFERROR(VLOOKUP($B12&"_"&TEXT(DATE(2026,6,24),"yyyymmdd"),CHI_TIET_CHAM_CONG!$T:$U,2,FALSE()),"") -> P | AD12: =IFERROR(VLOOKUP($B12&"_"&TEXT(DATE(2026,6,25),"yyyymmdd"),CHI_TIET_CHAM_CONG!$T:$U,2,FALSE()),"") -> P | AE12: =IFERROR(VLOOKUP($B12&"_"&TEXT(DATE(2026,6,26),"yyyymmdd"),CHI_TIET_CHAM_CONG!$T:$U,2,FALSE()),"") -> P | AF12: =IFERROR(VLOOKUP($B12&"_"&TEXT(DATE(2026,6,27),"yyyymmdd"),CHI_TIET_CHAM_CONG!$T:$U,2,FALSE()),"") -> P | AG12: CN | AH12: =IFERROR(VLOOKUP($B12&"_"&TEXT(DATE(2026,6,29),"yyyymmdd"),CHI_TIET_CHAM_CONG!$T:$U,2,FALSE()),"") -> P | AI12: =IFERROR(VLOOKUP($B12&"_"&TEXT(DATE(2026,6,30),"yyyymmdd"),CHI_TIET_CHAM_CONG!$T:$U,2,FALSE()),"") -> P | AJ12: =COUNTIF(F12:AI12,"P")+COUNTIF(F12:AI12,"L") -> 23 | AK12: =COUNTIF(F12:AI12,"L") -> 2 | AL12: =COUNTIF(F12:AI12,"A") -> 2 | AM12: =COUNTIF(F12:AI12,"NP")+COUNTIF(F12:AI12,"KL") -> 1 | AN12: =SUMIF(CHI_TIET_CHAM_CONG!$B:$B,$B12,CHI_TIET_CHAM_CONG!$Q:$Q) -> 3
A13: 9 | B13: NV011 | C13: =DM_NHAN_VIEN!C12 -> Chu Văn Minh | D13: =DM_NHAN_VIEN!D12 -> Nhân sự | E13: =DM_NHAN_VIEN!F12 -> Ca Hành Chính | F13: =IFERROR(VLOOKUP($B13&"_"&TEXT(DATE(2026,6,1),"yyyymmdd"),CHI_TIET_CHAM_CONG!$T:$U,2,FALSE()),"") -> P | G13: =IFERROR(VLOOKUP($B13&"_"&TEXT(DATE(2026,6,2),"yyyymmdd"),CHI_TIET_CHAM_CONG!$T:$U,2,FALSE()),"") -> P | H13: =IFERROR(VLOOKUP($B13&"_"&TEXT(DATE(2026,6,3),"yyyymmdd"),CHI_TIET_CHAM_CONG!$T:$U,2,FALSE()),"") -> P | I13: =IFERROR(VLOOKUP($B13&"_"&TEXT(DATE(2026,6,4),"yyyymmdd"),CHI_TIET_CHAM_CONG!$T:$U,2,FALSE()),"") -> P | J13: =IFERROR(VLOOKUP($B13&"_"&TEXT(DATE(2026,6,5),"yyyymmdd"),CHI_TIET_CHAM_CONG!$T:$U,2,FALSE()),"") -> P | K13: =IFERROR(VLOOKUP($B13&"_"&TEXT(DATE(2026,6,6),"yyyymmdd"),CHI_TIET_CHAM_CONG!$T:$U,2,FALSE()),"") -> P | L13: CN | M13: =IFERROR(VLOOKUP($B13&"_"&TEXT(DATE(2026,6,8),"yyyymmdd"),CHI_TIET_CHAM_CONG!$T:$U,2,FALSE()),"") -> P | N13: =IFERROR(VLOOKUP($B13&"_"&TEXT(DATE(2026,6,9),"yyyymmdd"),CHI_TIET_CHAM_CONG!$T:$U,2,FALSE()),"") -> P | O13: =IFERROR(VLOOKUP($B13&"_"&TEXT(DATE(2026,6,10),"yyyymmdd"),CHI_TIET_CHAM_CONG!$T:$U,2,FALSE()),"") -> P | P13: =IFERROR(VLOOKUP($B13&"_"&TEXT(DATE(2026,6,11),"yyyymmdd"),CHI_TIET_CHAM_CONG!$T:$U,2,FALSE()),"") -> KL | Q13: =IFERROR(VLOOKUP($B13&"_"&TEXT(DATE(2026,6,12),"yyyymmdd"),CHI_TIET_CHAM_CONG!$T:$U,2,FALSE()),"") -> P | R13: =IFERROR(VLOOKUP($B13&"_"&TEXT(DATE(2026,6,13),"yyyymmdd"),CHI_TIET_CHAM_CONG!$T:$U,2,FALSE()),"") -> A | S13: CN | T13: =IFERROR(VLOOKUP($B13&"_"&TEXT(DATE(2026,6,15),"yyyymmdd"),CHI_TIET_CHAM_CONG!$T:$U,2,FALSE()),"") -> P | U13: =IFERROR(VLOOKUP($B13&"_"&TEXT(DATE(2026,6,16),"yyyymmdd"),CHI_TIET_CHAM_CONG!$T:$U,2,FALSE()),"") -> P | V13: =IFERROR(VLOOKUP($B13&"_"&TEXT(DATE(2026,6,17),"yyyymmdd"),CHI_TIET_CHAM_CONG!$T:$U,2,FALSE()),"") -> P | W13: =IFERROR(VLOOKUP($B13&"_"&TEXT(DATE(2026,6,18),"yyyymmdd"),CHI_TIET_CHAM_CONG!$T:$U,2,FALSE()),"") -> L | X13: =IFERROR(VLOOKUP($B13&"_"&TEXT(DATE(2026,6,19),"yyyymmdd"),CHI_TIET_CHAM_CONG!$T:$U,2,FALSE()),"") -> P | Y13: =IFERROR(VLOOKUP($B13&"_"&TEXT(DATE(2026,6,20),"yyyymmdd"),CHI_TIET_CHAM_CONG!$T:$U,2,FALSE()),"") -> P | Z13: CN | AA13: =IFERROR(VLOOKUP($B13&"_"&TEXT(DATE(2026,6,22),"yyyymmdd"),CHI_TIET_CHAM_CONG!$T:$U,2,FALSE()),"") -> L | AB13: =IFERROR(VLOOKUP($B13&"_"&TEXT(DATE(2026,6,23),"yyyymmdd"),CHI_TIET_CHAM_CONG!$T:$U,2,FALSE()),"") -> P | AC13: =IFERROR(VLOOKUP($B13&"_"&TEXT(DATE(2026,6,24),"yyyymmdd"),CHI_TIET_CHAM_CONG!$T:$U,2,FALSE()),"") -> P | AD13: =IFERROR(VLOOKUP($B13&"_"&TEXT(DATE(2026,6,25),"yyyymmdd"),CHI_TIET_CHAM_CONG!$T:$U,2,FALSE()),"") -> P | AE13: =IFERROR(VLOOKUP($B13&"_"&TEXT(DATE(2026,6,26),"yyyymmdd"),CHI_TIET_CHAM_CONG!$T:$U,2,FALSE()),"") -> P | AF13: =IFERROR(VLOOKUP($B13&"_"&TEXT(DATE(2026,6,27),"yyyymmdd"),CHI_TIET_CHAM_CONG!$T:$U,2,FALSE()),"") -> L | AG13: CN | AH13: =IFERROR(VLOOKUP($B13&"_"&TEXT(DATE(2026,6,29),"yyyymmdd"),CHI_TIET_CHAM_CONG!$T:$U,2,FALSE()),"") -> L | AI13: =IFERROR(VLOOKUP($B13&"_"&TEXT(DATE(2026,6,30),"yyyymmdd"),CHI_TIET_CHAM_CONG!$T:$U,2,FALSE()),"") -> P | AJ13: =COUNTIF(F13:AI13,"P")+COUNTIF(F13:AI13,"L") -> 24 | AK13: =COUNTIF(F13:AI13,"L") -> 4 | AL13: =COUNTIF(F13:AI13,"A") -> 1 | AM13: =COUNTIF(F13:AI13,"NP")+COUNTIF(F13:AI13,"KL") -> 1 | AN13: =SUMIF(CHI_TIET_CHAM_CONG!$B:$B,$B13,CHI_TIET_CHAM_CONG!$Q:$Q) -> 4.5
A14: 10 | B14: NV014 | C14: =DM_NHAN_VIEN!C13 -> Phan Thị Khánh | D14: =DM_NHAN_VIEN!D13 -> Kế toán | E14: =DM_NHAN_VIEN!F13 -> Ca Hành Chính | F14: =IFERROR(VLOOKUP($B14&"_"&TEXT(DATE(2026,6,1),"yyyymmdd"),CHI_TIET_CHAM_CONG!$T:$U,2,FALSE()),"") -> L | G14: =IFERROR(VLOOKUP($B14&"_"&TEXT(DATE(2026,6,2),"yyyymmdd"),CHI_TIET_CHAM_CONG!$T:$U,2,FALSE()),"") -> P | H14: =IFERROR(VLOOKUP($B14&"_"&TEXT(DATE(2026,6,3),"yyyymmdd"),CHI_TIET_CHAM_CONG!$T:$U,2,FALSE()),"") -> P | I14: =IFERROR(VLOOKUP($B14&"_"&TEXT(DATE(2026,6,4),"yyyymmdd"),CHI_TIET_CHAM_CONG!$T:$U,2,FALSE()),"") -> P | J14: =IFERROR(VLOOKUP($B14&"_"&TEXT(DATE(2026,6,5),"yyyymmdd"),CHI_TIET_CHAM_CONG!$T:$U,2,FALSE()),"") -> P | K14: =IFERROR(VLOOKUP($B14&"_"&TEXT(DATE(2026,6,6),"yyyymmdd"),CHI_TIET_CHAM_CONG!$T:$U,2,FALSE()),"") -> P | L14: CN | M14: =IFERROR(VLOOKUP($B14&"_"&TEXT(DATE(2026,6,8),"yyyymmdd"),CHI_TIET_CHAM_CONG!$T:$U,2,FALSE()),"") -> P | N14: =IFERROR(VLOOKUP($B14&"_"&TEXT(DATE(2026,6,9),"yyyymmdd"),CHI_TIET_CHAM_CONG!$T:$U,2,FALSE()),"") -> P | O14: =IFERROR(VLOOKUP($B14&"_"&TEXT(DATE(2026,6,10),"yyyymmdd"),CHI_TIET_CHAM_CONG!$T:$U,2,FALSE()),"") -> P | P14: =IFERROR(VLOOKUP($B14&"_"&TEXT(DATE(2026,6,11),"yyyymmdd"),CHI_TIET_CHAM_CONG!$T:$U,2,FALSE()),"") -> P | Q14: =IFERROR(VLOOKUP($B14&"_"&TEXT(DATE(2026,6,12),"yyyymmdd"),CHI_TIET_CHAM_CONG!$T:$U,2,FALSE()),"") -> P | R14: =IFERROR(VLOOKUP($B14&"_"&TEXT(DATE(2026,6,13),"yyyymmdd"),CHI_TIET_CHAM_CONG!$T:$U,2,FALSE()),"") -> P | S14: CN | T14: =IFERROR(VLOOKUP($B14&"_"&TEXT(DATE(2026,6,15),"yyyymmdd"),CHI_TIET_CHAM_CONG!$T:$U,2,FALSE()),"") -> P | U14: =IFERROR(VLOOKUP($B14&"_"&TEXT(DATE(2026,6,16),"yyyymmdd"),CHI_TIET_CHAM_CONG!$T:$U,2,FALSE()),"") -> P | V14: =IFERROR(VLOOKUP($B14&"_"&TEXT(DATE(2026,6,17),"yyyymmdd"),CHI_TIET_CHAM_CONG!$T:$U,2,FALSE()),"") -> P | W14: =IFERROR(VLOOKUP($B14&"_"&TEXT(DATE(2026,6,18),"yyyymmdd"),CHI_TIET_CHAM_CONG!$T:$U,2,FALSE()),"") -> P | X14: =IFERROR(VLOOKUP($B14&"_"&TEXT(DATE(2026,6,19),"yyyymmdd"),CHI_TIET_CHAM_CONG!$T:$U,2,FALSE()),"") -> P | Y14: =IFERROR(VLOOKUP($B14&"_"&TEXT(DATE(2026,6,20),"yyyymmdd"),CHI_TIET_CHAM_CONG!$T:$U,2,FALSE()),"") -> P | Z14: CN | AA14: =IFERROR(VLOOKUP($B14&"_"&TEXT(DATE(2026,6,22),"yyyymmdd"),CHI_TIET_CHAM_CONG!$T:$U,2,FALSE()),"") -> P | AB14: =IFERROR(VLOOKUP($B14&"_"&TEXT(DATE(2026,6,23),"yyyymmdd"),CHI_TIET_CHAM_CONG!$T:$U,2,FALSE()),"") -> A | AC14: =IFERROR(VLOOKUP($B14&"_"&TEXT(DATE(2026,6,24),"yyyymmdd"),CHI_TIET_CHAM_CONG!$T:$U,2,FALSE()),"") -> P | AD14: =IFERROR(VLOOKUP($B14&"_"&TEXT(DATE(2026,6,25),"yyyymmdd"),CHI_TIET_CHAM_CONG!$T:$U,2,FALSE()),"") -> P | AE14: =IFERROR(VLOOKUP($B14&"_"&TEXT(DATE(2026,6,26),"yyyymmdd"),CHI_TIET_CHAM_CONG!$T:$U,2,FALSE()),"") -> P | AF14: =IFERROR(VLOOKUP($B14&"_"&TEXT(DATE(2026,6,27),"yyyymmdd"),CHI_TIET_CHAM_CONG!$T:$U,2,FALSE()),"") -> L | AG14: CN | AH14: =IFERROR(VLOOKUP($B14&"_"&TEXT(DATE(2026,6,29),"yyyymmdd"),CHI_TIET_CHAM_CONG!$T:$U,2,FALSE()),"") -> P | AI14: =IFERROR(VLOOKUP($B14&"_"&TEXT(DATE(2026,6,30),"yyyymmdd"),CHI_TIET_CHAM_CONG!$T:$U,2,FALSE()),"") -> P | AJ14: =COUNTIF(F14:AI14,"P")+COUNTIF(F14:AI14,"L") -> 25 | AK14: =COUNTIF(F14:AI14,"L") -> 2 | AL14: =COUNTIF(F14:AI14,"A") -> 1 | AM14: =COUNTIF(F14:AI14,"NP")+COUNTIF(F14:AI14,"KL") -> 0 | AN14: =SUMIF(CHI_TIET_CHAM_CONG!$B:$B,$B14,CHI_TIET_CHAM_CONG!$Q:$Q) -> 7
A15: 11 | B15: NV015 | C15: =DM_NHAN_VIEN!C14 -> Trịnh Văn Hùng | D15: =DM_NHAN_VIEN!D14 -> Kế toán | E15: =DM_NHAN_VIEN!F14 -> Ca Hành Chính | F15: =IFERROR(VLOOKUP($B15&"_"&TEXT(DATE(2026,6,1),"yyyymmdd"),CHI_TIET_CHAM_CONG!$T:$U,2,FALSE()),"") -> P | G15: =IFERROR(VLOOKUP($B15&"_"&TEXT(DATE(2026,6,2),"yyyymmdd"),CHI_TIET_CHAM_CONG!$T:$U,2,FALSE()),"") -> L | H15: =IFERROR(VLOOKUP($B15&"_"&TEXT(DATE(2026,6,3),"yyyymmdd"),CHI_TIET_CHAM_CONG!$T:$U,2,FALSE()),"") -> P | I15: =IFERROR(VLOOKUP($B15&"_"&TEXT(DATE(2026,6,4),"yyyymmdd"),CHI_TIET_CHAM_CONG!$T:$U,2,FALSE()),"") -> L | J15: =IFERROR(VLOOKUP($B15&"_"&TEXT(DATE(2026,6,5),"yyyymmdd"),CHI_TIET_CHAM_CONG!$T:$U,2,FALSE()),"") -> P | K15: =IFERROR(VLOOKUP($B15&"_"&TEXT(DATE(2026,6,6),"yyyymmdd"),CHI_TIET_CHAM_CONG!$T:$U,2,FALSE()),"") -> P | L15: CN | M15: =IFERROR(VLOOKUP($B15&"_"&TEXT(DATE(2026,6,8),"yyyymmdd"),CHI_TIET_CHAM_CONG!$T:$U,2,FALSE()),"") -> P | N15: =IFERROR(VLOOKUP($B15&"_"&TEXT(DATE(2026,6,9),"yyyymmdd"),CHI_TIET_CHAM_CONG!$T:$U,2,FALSE()),"") -> NP | O15: =IFERROR(VLOOKUP($B15&"_"&TEXT(DATE(2026,6,10),"yyyymmdd"),CHI_TIET_CHAM_CONG!$T:$U,2,FALSE()),"") -> P | P15: =IFERROR(VLOOKUP($B15&"_"&TEXT(DATE(2026,6,11),"yyyymmdd"),CHI_TIET_CHAM_CONG!$T:$U,2,FALSE()),"") -> P | Q15: =IFERROR(VLOOKUP($B15&"_"&TEXT(DATE(2026,6,12),"yyyymmdd"),CHI_TIET_CHAM_CONG!$T:$U,2,FALSE()),"") -> P | R15: =IFERROR(VLOOKUP($B15&"_"&TEXT(DATE(2026,6,13),"yyyymmdd"),CHI_TIET_CHAM_CONG!$T:$U,2,FALSE()),"") -> P | S15: CN | T15: =IFERROR(VLOOKUP($B15&"_"&TEXT(DATE(2026,6,15),"yyyymmdd"),CHI_TIET_CHAM_CONG!$T:$U,2,FALSE()),"") -> P | U15: =IFERROR(VLOOKUP($B15&"_"&TEXT(DATE(2026,6,16),"yyyymmdd"),CHI_TIET_CHAM_CONG!$T:$U,2,FALSE()),"") -> P | V15: =IFERROR(VLOOKUP($B15&"_"&TEXT(DATE(2026,6,17),"yyyymmdd"),CHI_TIET_CHAM_CONG!$T:$U,2,FALSE()),"") -> KL | W15: =IFERROR(VLOOKUP($B15&"_"&TEXT(DATE(2026,6,18),"yyyymmdd"),CHI_TIET_CHAM_CONG!$T:$U,2,FALSE()),"") -> P | X15: =IFERROR(VLOOKUP($B15&"_"&TEXT(DATE(2026,6,19),"yyyymmdd"),CHI_TIET_CHAM_CONG!$T:$U,2,FALSE()),"") -> P | Y15: =IFERROR(VLOOKUP($B15&"_"&TEXT(DATE(2026,6,20),"yyyymmdd"),CHI_TIET_CHAM_CONG!$T:$U,2,FALSE()),"") -> P | Z15: CN | AA15: =IFERROR(VLOOKUP($B15&"_"&TEXT(DATE(2026,6,22),"yyyymmdd"),CHI_TIET_CHAM_CONG!$T:$U,2,FALSE()),"") -> KL | AB15: =IFERROR(VLOOKUP($B15&"_"&TEXT(DATE(2026,6,23),"yyyymmdd"),CHI_TIET_CHAM_CONG!$T:$U,2,FALSE()),"") -> P | AC15: =IFERROR(VLOOKUP($B15&"_"&TEXT(DATE(2026,6,24),"yyyymmdd"),CHI_TIET_CHAM_CONG!$T:$U,2,FALSE()),"") -> P | AD15: =IFERROR(VLOOKUP($B15&"_"&TEXT(DATE(2026,6,25),"yyyymmdd"),CHI_TIET_CHAM_CONG!$T:$U,2,FALSE()),"") -> P | AE15: =IFERROR(VLOOKUP($B15&"_"&TEXT(DATE(2026,6,26),"yyyymmdd"),CHI_TIET_CHAM_CONG!$T:$U,2,FALSE()),"") -> KL | AF15: =IFERROR(VLOOKUP($B15&"_"&TEXT(DATE(2026,6,27),"yyyymmdd"),CHI_TIET_CHAM_CONG!$T:$U,2,FALSE()),"") -> KL | AG15: CN | AH15: =IFERROR(VLOOKUP($B15&"_"&TEXT(DATE(2026,6,29),"yyyymmdd"),CHI_TIET_CHAM_CONG!$T:$U,2,FALSE()),"") -> P | AI15: =IFERROR(VLOOKUP($B15&"_"&TEXT(DATE(2026,6,30),"yyyymmdd"),CHI_TIET_CHAM_CONG!$T:$U,2,FALSE()),"") -> P | AJ15: =COUNTIF(F15:AI15,"P")+COUNTIF(F15:AI15,"L") -> 21 | AK15: =COUNTIF(F15:AI15,"L") -> 2 | AL15: =COUNTIF(F15:AI15,"A") -> 0 | AM15: =COUNTIF(F15:AI15,"NP")+COUNTIF(F15:AI15,"KL") -> 5 | AN15: =SUMIF(CHI_TIET_CHAM_CONG!$B:$B,$B15,CHI_TIET_CHAM_CONG!$Q:$Q) -> 8
A16: 12 | B16: NV019 | C16: =DM_NHAN_VIEN!C15 -> Hoàng Văn Lộc | D16: =DM_NHAN_VIEN!D15 -> Kinh doanh | E16: =DM_NHAN_VIEN!F15 -> Ca Hành Chính | F16: =IFERROR(VLOOKUP($B16&"_"&TEXT(DATE(2026,6,1),"yyyymmdd"),CHI_TIET_CHAM_CONG!$T:$U,2,FALSE()),"") -> P | G16: =IFERROR(VLOOKUP($B16&"_"&TEXT(DATE(2026,6,2),"yyyymmdd"),CHI_TIET_CHAM_CONG!$T:$U,2,FALSE()),"") -> P | H16: =IFERROR(VLOOKUP($B16&"_"&TEXT(DATE(2026,6,3),"yyyymmdd"),CHI_TIET_CHAM_CONG!$T:$U,2,FALSE()),"") -> P | I16: =IFERROR(VLOOKUP($B16&"_"&TEXT(DATE(2026,6,4),"yyyymmdd"),CHI_TIET_CHAM_CONG!$T:$U,2,FALSE()),"") -> P | J16: =IFERROR(VLOOKUP($B16&"_"&TEXT(DATE(2026,6,5),"yyyymmdd"),CHI_TIET_CHAM_CONG!$T:$U,2,FALSE()),"") -> A | K16: =IFERROR(VLOOKUP($B16&"_"&TEXT(DATE(2026,6,6),"yyyymmdd"),CHI_TIET_CHAM_CONG!$T:$U,2,FALSE()),"") -> P | L16: CN | M16: =IFERROR(VLOOKUP($B16&"_"&TEXT(DATE(2026,6,8),"yyyymmdd"),CHI_TIET_CHAM_CONG!$T:$U,2,FALSE()),"") -> P | N16: =IFERROR(VLOOKUP($B16&"_"&TEXT(DATE(2026,6,9),"yyyymmdd"),CHI_TIET_CHAM_CONG!$T:$U,2,FALSE()),"") -> P | O16: =IFERROR(VLOOKUP($B16&"_"&TEXT(DATE(2026,6,10),"yyyymmdd"),CHI_TIET_CHAM_CONG!$T:$U,2,FALSE()),"") -> P | P16: =IFERROR(VLOOKUP($B16&"_"&TEXT(DATE(2026,6,11),"yyyymmdd"),CHI_TIET_CHAM_CONG!$T:$U,2,FALSE()),"") -> P | Q16: =IFERROR(VLOOKUP($B16&"_"&TEXT(DATE(2026,6,12),"yyyymmdd"),CHI_TIET_CHAM_CONG!$T:$U,2,FALSE()),"") -> P | R16: =IFERROR(VLOOKUP($B16&"_"&TEXT(DATE(2026,6,13),"yyyymmdd"),CHI_TIET_CHAM_CONG!$T:$U,2,FALSE()),"") -> L | S16: CN | T16: =IFERROR(VLOOKUP($B16&"_"&TEXT(DATE(2026,6,15),"yyyymmdd"),CHI_TIET_CHAM_CONG!$T:$U,2,FALSE()),"") -> P | U16: =IFERROR(VLOOKUP($B16&"_"&TEXT(DATE(2026,6,16),"yyyymmdd"),CHI_TIET_CHAM_CONG!$T:$U,2,FALSE()),"") -> P | V16: =IFERROR(VLOOKUP($B16&"_"&TEXT(DATE(2026,6,17),"yyyymmdd"),CHI_TIET_CHAM_CONG!$T:$U,2,FALSE()),"") -> P | W16: =IFERROR(VLOOKUP($B16&"_"&TEXT(DATE(2026,6,18),"yyyymmdd"),CHI_TIET_CHAM_CONG!$T:$U,2,FALSE()),"") -> P | X16: =IFERROR(VLOOKUP($B16&"_"&TEXT(DATE(2026,6,19),"yyyymmdd"),CHI_TIET_CHAM_CONG!$T:$U,2,FALSE()),"") -> P | Y16: =IFERROR(VLOOKUP($B16&"_"&TEXT(DATE(2026,6,20),"yyyymmdd"),CHI_TIET_CHAM_CONG!$T:$U,2,FALSE()),"") -> P | Z16: CN | AA16: =IFERROR(VLOOKUP($B16&"_"&TEXT(DATE(2026,6,22),"yyyymmdd"),CHI_TIET_CHAM_CONG!$T:$U,2,FALSE()),"") -> P | AB16: =IFERROR(VLOOKUP($B16&"_"&TEXT(DATE(2026,6,23),"yyyymmdd"),CHI_TIET_CHAM_CONG!$T:$U,2,FALSE()),"") -> P | AC16: =IFERROR(VLOOKUP($B16&"_"&TEXT(DATE(2026,6,24),"yyyymmdd"),CHI_TIET_CHAM_CONG!$T:$U,2,FALSE()),"") -> P | AD16: =IFERROR(VLOOKUP($B16&"_"&TEXT(DATE(2026,6,25),"yyyymmdd"),CHI_TIET_CHAM_CONG!$T:$U,2,FALSE()),"") -> L | AE16: =IFERROR(VLOOKUP($B16&"_"&TEXT(DATE(2026,6,26),"yyyymmdd"),CHI_TIET_CHAM_CONG!$T:$U,2,FALSE()),"") -> P | AF16: =IFERROR(VLOOKUP($B16&"_"&TEXT(DATE(2026,6,27),"yyyymmdd"),CHI_TIET_CHAM_CONG!$T:$U,2,FALSE()),"") -> P | AG16: CN | AH16: =IFERROR(VLOOKUP($B16&"_"&TEXT(DATE(2026,6,29),"yyyymmdd"),CHI_TIET_CHAM_CONG!$T:$U,2,FALSE()),"") -> P | AI16: =IFERROR(VLOOKUP($B16&"_"&TEXT(DATE(2026,6,30),"yyyymmdd"),CHI_TIET_CHAM_CONG!$T:$U,2,FALSE()),"") -> P | AJ16: =COUNTIF(F16:AI16,"P")+COUNTIF(F16:AI16,"L") -> 25 | AK16: =COUNTIF(F16:AI16,"L") -> 2 | AL16: =COUNTIF(F16:AI16,"A") -> 1 | AM16: =COUNTIF(F16:AI16,"NP")+COUNTIF(F16:AI16,"KL") -> 0 | AN16: =SUMIF(CHI_TIET_CHAM_CONG!$B:$B,$B16,CHI_TIET_CHAM_CONG!$Q:$Q) -> 4.5
... A19: 15 | B19: NV030 | C19: =DM_NHAN_VIEN!C18 -> Tống Văn Thắng | D19: =DM_NHAN_VIEN!D18 -> Xưởng sản xuất | E19: =DM_NHAN_VIEN!F18 -> Ca Hành Chính | F19: =IFERROR(VLOOKUP($B19&"_"&TEXT(DATE(2026,6,1),"yyyymmdd"),CHI_TIET_CHAM_CONG!$T:$U,2,FALSE()),"") -> P | G19: =IFERROR(VLOOKUP($B19&"_"&TEXT(DATE(2026,6,2),"yyyymmdd"),CHI_TIET_CHAM_CONG!$T:$U,2,FALSE()),"") -> P | H19: =IFERROR(VLOOKUP($B19&"_"&TEXT(DATE(2026,6,3),"yyyymmdd"),CHI_TIET_CHAM_CONG!$T:$U,2,FALSE()),"") -> P | I19: =IFERROR(VLOOKUP($B19&"_"&TEXT(DATE(2026,6,4),"yyyymmdd"),CHI_TIET_CHAM_CONG!$T:$U,2,FALSE()),"") -> L | J19: =IFERROR(VLOOKUP($B19&"_"&TEXT(DATE(2026,6,5),"yyyymmdd"),CHI_TIET_CHAM_CONG!$T:$U,2,FALSE()),"") -> P | K19: =IFERROR(VLOOKUP($B19&"_"&TEXT(DATE(2026,6,6),"yyyymmdd"),CHI_TIET_CHAM_CONG!$T:$U,2,FALSE()),"") -> P | L19: CN | M19: =IFERROR(VLOOKUP($B19&"_"&TEXT(DATE(2026,6,8),"yyyymmdd"),CHI_TIET_CHAM_CONG!$T:$U,2,FALSE()),"") -> P | N19: =IFERROR(VLOOKUP($B19&"_"&TEXT(DATE(2026,6,9),"yyyymmdd"),CHI_TIET_CHAM_CONG!$T:$U,2,FALSE()),"") -> P | O19: =IFERROR(VLOOKUP($B19&"_"&TEXT(DATE(2026,6,10),"yyyymmdd"),CHI_TIET_CHAM_CONG!$T:$U,2,FALSE()),"") -> KL | P19: =IFERROR(VLOOKUP($B19&"_"&TEXT(DATE(2026,6,11),"yyyymmdd"),CHI_TIET_CHAM_CONG!$T:$U,2,FALSE()),"") -> P | Q19: =IFERROR(VLOOKUP($B19&"_"&TEXT(DATE(2026,6,12),"yyyymmdd"),CHI_TIET_CHAM_CONG!$T:$U,2,FALSE()),"") -> L | R19: =IFERROR(VLOOKUP($B19&"_"&TEXT(DATE(2026,6,13),"yyyymmdd"),CHI_TIET_CHAM_CONG!$T:$U,2,FALSE()),"") -> P | S19: CN | T19: =IFERROR(VLOOKUP($B19&"_"&TEXT(DATE(2026,6,15),"yyyymmdd"),CHI_TIET_CHAM_CONG!$T:$U,2,FALSE()),"") -> P | U19: =IFERROR(VLOOKUP($B19&"_"&TEXT(DATE(2026,6,16),"yyyymmdd"),CHI_TIET_CHAM_CONG!$T:$U,2,FALSE()),"") -> P | V19: =IFERROR(VLOOKUP($B19&"_"&TEXT(DATE(2026,6,17),"yyyymmdd"),CHI_TIET_CHAM_CONG!$T:$U,2,FALSE()),"") -> P | W19: =IFERROR(VLOOKUP($B19&"_"&TEXT(DATE(2026,6,18),"yyyymmdd"),CHI_TIET_CHAM_CONG!$T:$U,2,FALSE()),"") -> P | X19: =IFERROR(VLOOKUP($B19&"_"&TEXT(DATE(2026,6,19),"yyyymmdd"),CHI_TIET_CHAM_CONG!$T:$U,2,FALSE()),"") -> P | Y19: =IFERROR(VLOOKUP($B19&"_"&TEXT(DATE(2026,6,20),"yyyymmdd"),CHI_TIET_CHAM_CONG!$T:$U,2,FALSE()),"") -> P | Z19: CN | AA19: =IFERROR(VLOOKUP($B19&"_"&TEXT(DATE(2026,6,22),"yyyymmdd"),CHI_TIET_CHAM_CONG!$T:$U,2,FALSE()),"") -> P | AB19: =IFERROR(VLOOKUP($B19&"_"&TEXT(DATE(2026,6,23),"yyyymmdd"),CHI_TIET_CHAM_CONG!$T:$U,2,FALSE()),"") -> P | AC19: =IFERROR(VLOOKUP($B19&"_"&TEXT(DATE(2026,6,24),"yyyymmdd"),CHI_TIET_CHAM_CONG!$T:$U,2,FALSE()),"") -> P | AD19: =IFERROR(VLOOKUP($B19&"_"&TEXT(DATE(2026,6,25),"yyyymmdd"),CHI_TIET_CHAM_CONG!$T:$U,2,FALSE()),"") -> P | AE19: =IFERROR(VLOOKUP($B19&"_"&TEXT(DATE(2026,6,26),"yyyymmdd"),CHI_TIET_CHAM_CONG!$T:$U,2,FALSE()),"") -> P | AF19: =IFERROR(VLOOKUP($B19&"_"&TEXT(DATE(2026,6,27),"yyyymmdd"),CHI_TIET_CHAM_CONG!$T:$U,2,FALSE()),"") -> P | AG19: CN | AH19: =IFERROR(VLOOKUP($B19&"_"&TEXT(DATE(2026,6,29),"yyyymmdd"),CHI_TIET_CHAM_CONG!$T:$U,2,FALSE()),"") -> P | AI19: =IFERROR(VLOOKUP($B19&"_"&TEXT(DATE(2026,6,30),"yyyymmdd"),CHI_TIET_CHAM_CONG!$T:$U,2,FALSE()),"") -> L | AJ19: =COUNTIF(F19:AI19,"P")+COUNTIF(F19:AI19,"L") -> 25 | AK19: =COUNTIF(F19:AI19,"L") -> 3 | AL19: =COUNTIF(F19:AI19,"A") -> 0 | AM19: =COUNTIF(F19:AI19,"NP")+COUNTIF(F19:AI19,"KL") -> 1 | AN19: =SUMIF(CHI_TIET_CHAM_CONG!$B:$B,$B19,CHI_TIET_CHAM_CONG!$Q:$Q) -> 7.5
C20: TỔNG CỮNG | AJ20: =SUM(AJ5:AJ19) -> 352 | AK20: =SUM(AK5:AK19) -> 39 | AL20: =SUM(AL5:AL19) -> 12 | AM20: =SUM(AM5:AM19) -> 26 | AN20: =SUM(AN5:AN19) -> 81
A22: Ghi chú mã: | B22: P=Đi làm đủ công | L=Đi muộn | A=Vắng không lý do | NP=Nghỉ phép năm | KL=Nghỉ không lương | CN=Chủ Nhật (không tính công)
